user_id,new.cl.w2,new.cl.w3,new.cl.w4,new.cl.w5,new.cl.w6,new.cl.w7,new.cl.w8,new.cl.w9,new.cl.w10,new.cl.w11,new.cl.w12,new.cl.w13
4,DISENGAGED,SAS-MOSTLY_NEG-DIFF,HA_BAL_MC,MA_ALL-ACT_BAL,A_POS-DIFF,A_NEG-DIFF,SAS-ONLY_NEG-DIFF,SAS-ONLY_NEG-DIFF,SAS-ONLY_NEG-DIFF,A_NEG-DIFF,SAS-ONLY_NEG-DIFF,SAS-ONLY_BAL
5,A_POS-DIFF,HA_NEG-DIFF_MC,A_NEG-DIFF,MA_ALL-ACT_BAL,MA_MANY-ACT_BAL_MC,A_NEG-DIFF,MA_ALL-ACT_BAL,SAS-ONLY_NEG-DIFF,DISENGAGED,A_NEG-DIFF,MA_ALL-ACT_BAL,A_POS-DIFF
6,A_POS-DIFF,A_NEG-DIFF,HA_BAL_MC,MA_ALL-ACT_BAL,A_POS-DIFF,A_NEG-DIFF,MA_ALL-ACT_BAL,A_NEG-DIFF,SAS-ONLY_NEG-DIFF,SAS-ONLY_NEG-DIFF,MA_ALL-ACT_BAL,HA_BAL
10,SAS-ONLY_BAL,SAS-ONLY_NEG-DIFF,SAS-ONLY_NEG-DIFF,SAS-ONLY_NEG-DIFF,MA_MANY-ACT_BAL_MC,SAS-ONLY_NEG-DIFF,SAS-MOSTLY_NEG-DIFF,SAS-ONLY_NEG-DIFF,MA_ALL-ACT_BAL,SAS-ONLY_NEG-DIFF,SAS-ONLY_BAL,A_POS-DIFF
11,A_POS-DIFF,HA_NEG-DIFF_MC,A_NEG-DIFF,MA_ALL-ACT_BAL,A_POS-DIFF,A_NEG-DIFF,SAS-MOSTLY_NEG-DIFF,A_NEG-DIFF,MA_ALL-ACT_BAL,A_NEG-DIFF,MA_ALL-ACT_BAL,SAS-ONLY_BAL
12,A_POS-DIFF,A_NEG-DIFF,A_NEG-DIFF,SAS-ONLY_NEG-DIFF,DISENGAGED,A_NEG-DIFF,MA_ALL-ACT_BAL,HA_NEG-DIFF_MC,MA_ALL-ACT_BAL,SAS-ONLY_NEG-DIFF,MA_ALL-ACT_BAL,A_POS-DIFF
13,MA_ALL-ACT_BAL,A_NEG-DIFF,SAS-ONLY_NEG-DIFF,MA_ALL-ACT_BAL,HA_BAL_MC,A_NEG-DIFF,SAS-ONLY_BAL,A_NEG-DIFF,MA_ALL-ACT_BAL,A_NEG-DIFF,SAS-ONLY_NEG-DIFF,A_POS-DIFF
16,MA_ALL-ACT_BAL,HA_NEG-DIFF_MC,HA_BAL_MC,HA_NEG-DIFF_MC,DISENGAGED,A_NEG-DIFF,MA_ALL-ACT_BAL,A_NEG-DIFF,DISENGAGED,SAS-ONLY_BAL,SAS-ONLY_BAL,SAS-ONLY_BAL
17,A_POS-DIFF,A_NEG-DIFF,SAS-MOSTLY_NEG-DIFF,MA_ALL-ACT_BAL,A_POS-DIFF,SAS-ONLY_NEG-DIFF,MA_ALL-ACT_BAL,A_NEG-DIFF,MA_ALL-ACT_BAL,A_NEG-DIFF,MA_ALL-ACT_BAL,A_POS-DIFF
18,A_POS-DIFF,HA_NEG-DIFF_MC,HA_BAL_MC,MA_ALL-ACT_BAL,HA_BAL_MC,SAS-ONLY_NEG-DIFF,MA_ALL-ACT_BAL,HA_NEG-DIFF_MC,MA_ALL-ACT_BAL,A_NEG-DIFF,MA_ALL-ACT_BAL,HA_BAL
20,A_POS-DIFF,HA_NEG-DIFF_MC,HA_BAL_MC,MA_ALL-ACT_BAL,A_POS-DIFF,A_NEG-DIFF,SAS-ONLY_BAL,HA_NEG-DIFF_MC,MA_ALL-ACT_BAL,SAS-ONLY_NEG-DIFF,SAS-ONLY_NEG-DIFF,SAS-ONLY_BAL
21,MA_ALL-ACT_BAL,SAS-MOSTLY_NEG-DIFF,DISENGAGED,SAS-ONLY_BAL,HA_BAL_MC,A_NEG-DIFF,MA_ALL-ACT_BAL,A_NEG-DIFF,DISENGAGED,SAS-ONLY_NEG-DIFF,MA_ALL-ACT_BAL,HA_BAL
24,A_POS-DIFF,A_NEG-DIFF,HA_BAL_MC,MA_ALL-ACT_BAL,HA_BAL_MC,A_NEG-DIFF,MA_ALL-ACT_BAL,A_NEG-DIFF,MA_ALL-ACT_BAL,A_NEG-DIFF,SAS-ONLY_BAL,HA_BAL
29,MA_ALL-ACT_BAL,A_NEG-DIFF,A_NEG-DIFF,SAS-ONLY_NEG-DIFF,HA_BAL_MC,A_NEG-DIFF,MA_ALL-ACT_BAL,A_NEG-DIFF,MA_ALL-ACT_BAL,SAS-ONLY_NEG-DIFF,SAS-ONLY_NEG-DIFF,A_POS-DIFF
30,MA_ALL-ACT_BAL,SAS-MOSTLY_NEG-DIFF,SAS-MOSTLY_NEG-DIFF,SAS-ONLY_BAL,A_POS-DIFF,SAS-ONLY_BAL,MA_ALL-ACT_BAL,A_NEG-DIFF,SAS-ONLY_NEG-DIFF,SAS-ONLY_NEG-DIFF,SAS-ONLY_BAL,A_POS-DIFF
32,DISENGAGED,SAS-ONLY_NEG-DIFF,DISENGAGED,SAS-ONLY_NEG-DIFF,DISENGAGED,SAS-ONLY_BAL,SAS-ONLY_NEG-DIFF,SAS-ONLY_NEG-DIFF,SAS-ONLY_NEG-DIFF,SAS-ONLY_NEG-DIFF,SAS-ONLY_NEG-DIFF,SAS-ONLY_BAL
33,A_POS-DIFF,A_NEG-DIFF,A_NEG-DIFF,MA_ALL-ACT_BAL,A_POS-DIFF,A_NEG-DIFF,MA_ALL-ACT_BAL,SAS-ONLY_NEG-DIFF,MA_ALL-ACT_BAL,SAS-ONLY_BAL,SAS-ONLY_BAL,HA_BAL
34,MA_ALL-ACT_BAL,SAS-MOSTLY_NEG-DIFF,A_NEG-DIFF,SAS-ONLY_BAL,MA_MANY-ACT_BAL_MC,SAS-ONLY_BAL,SAS-MOSTLY_NEG-DIFF,SAS-ONLY_NEG-DIFF,SAS-ONLY_NEG-DIFF,SAS-ONLY_NEG-DIFF,SAS-ONLY_NEG-DIFF,SAS-ONLY_BAL
36,A_POS-DIFF,DISENGAGED,SAS-MOSTLY_NEG-DIFF,MA_ALL-ACT_BAL,DISENGAGED,SAS-ONLY_BAL,SAS-ONLY_NEG-DIFF,SAS-ONLY_NEG-DIFF,DISENGAGED,SAS-ONLY_BAL,SAS-ONLY_BAL,SAS-ONLY_BAL
38,MA_ALL-ACT_BAL,SAS-MOSTLY_NEG-DIFF,HA_BAL_MC,SAS-ONLY_BAL,MA_MANY-ACT_BAL_MC,A_NEG-DIFF,SAS-MOSTLY_NEG-DIFF,SAS-ONLY_NEG-DIFF,HA_NEG-DIFF_MC,A_NEG-DIFF,SAS-ONLY_NEG-DIFF,A_POS-DIFF
39,DISENGAGED,NA,SAS-ONLY_NEG-DIFF,NA,DISENGAGED,NA,SAS-ONLY_NEG-DIFF,SAS-ONLY_NEG-DIFF,DISENGAGED,NA,NA,A_POS-DIFF
40,MA_ALL-ACT_BAL,DISENGAGED,DISENGAGED,SAS-ONLY_BAL,A_POS-DIFF,SAS-ONLY_NEG-DIFF,SAS-ONLY_NEG-DIFF,SAS-ONLY_NEG-DIFF,SAS-ONLY_NEG-DIFF,SAS-ONLY_NEG-DIFF,SAS-ONLY_NEG-DIFF,HA_BAL
41,MA_ALL-ACT_BAL,SAS-ONLY_NEG-DIFF,SAS-MOSTLY_NEG-DIFF,SAS-ONLY_NEG-DIFF,MA_MANY-ACT_BAL_MC,SAS-ONLY_NEG-DIFF,SAS-ONLY_NEG-DIFF,SAS-ONLY_NEG-DIFF,SAS-ONLY_NEG-DIFF,SAS-ONLY_NEG-DIFF,SAS-ONLY_NEG-DIFF,A_POS-DIFF
42,DISENGAGED,A_NEG-DIFF,SAS-ONLY_NEG-DIFF,SAS-ONLY_BAL,DISENGAGED,SAS-ONLY_BAL,SAS-ONLY_BAL,NA,NA,SAS-ONLY_BAL,SAS-ONLY_BAL,SAS-ONLY_BAL
43,MA_ALL-ACT_BAL,SAS-ONLY_NEG-DIFF,SAS-ONLY_NEG-DIFF,SAS-ONLY_NEG-DIFF,HA_BAL,SAS-ONLY_BAL,SAS-ONLY_NEG-DIFF,SAS-ONLY_NEG-DIFF,SAS-ONLY_NEG-DIFF,SAS-ONLY_NEG-DIFF,SAS-ONLY_NEG-DIFF,A_POS-DIFF
45,MA_ALL-ACT_BAL,A_NEG-DIFF,A_NEG-DIFF,MA_ALL-ACT_BAL,A_POS-DIFF,MA_MANY-ACT_BAL_MC,MA_ALL-ACT_BAL,A_NEG-DIFF,MA_ALL-ACT_BAL,A_NEG-DIFF,MA_ALL-ACT_BAL,HA_BAL
46,MA_ALL-ACT_BAL,A_NEG-DIFF,HA_BAL_MC,MA_ALL-ACT_BAL,A_POS-DIFF,SAS-ONLY_BAL,SAS-MOSTLY_NEG-DIFF,SAS-ONLY_NEG-DIFF,SAS-ONLY_NEG-DIFF,SAS-ONLY_NEG-DIFF,SAS-ONLY_NEG-DIFF,A_POS-DIFF
47,MA_ALL-ACT_BAL,SAS-ONLY_NEG-DIFF,SAS-MOSTLY_NEG-DIFF,MA_ALL-ACT_BAL,A_POS-DIFF,SAS-ONLY_BAL,SAS-ONLY_NEG-DIFF,SAS-ONLY_NEG-DIFF,SAS-ONLY_NEG-DIFF,SAS-ONLY_NEG-DIFF,SAS-ONLY_NEG-DIFF,A_POS-DIFF
49,A_POS-DIFF,A_NEG-DIFF,A_NEG-DIFF,SAS-ONLY_BAL,HA_BAL_MC,SAS-ONLY_BAL,SAS-MOSTLY_NEG-DIFF,SAS-ONLY_NEG-DIFF,SAS-ONLY_NEG-DIFF,SAS-ONLY_BAL,SAS-ONLY_BAL,A_POS-DIFF
50,MA_ALL-ACT_BAL,A_NEG-DIFF,A_NEG-DIFF,MA_ALL-ACT_BAL,HA_BAL,A_NEG-DIFF,MA_ALL-ACT_BAL,HA_NEG-DIFF_MC,MA_ALL-ACT_BAL,A_NEG-DIFF,SAS-ONLY_NEG-DIFF,A_POS-DIFF
51,DISENGAGED,SAS-ONLY_NEG-DIFF,SAS-ONLY_NEG-DIFF,SAS-ONLY_NEG-DIFF,DISENGAGED,SAS-ONLY_NEG-DIFF,SAS-ONLY_NEG-DIFF,SAS-ONLY_NEG-DIFF,NA,SAS-ONLY_NEG-DIFF,SAS-ONLY_BAL,SAS-ONLY_BAL
52,A_POS-DIFF,A_NEG-DIFF,SAS-MOSTLY_NEG-DIFF,MA_ALL-ACT_BAL,MA_MANY-ACT_BAL_MC,SAS-ONLY_BAL,SAS-MOSTLY_NEG-DIFF,A_NEG-DIFF,MA_ALL-ACT_BAL,SAS-ONLY_NEG-DIFF,NA,SAS-ONLY_BAL
53,MA_ALL-ACT_BAL,A_NEG-DIFF,SAS-ONLY_NEG-DIFF,MA_ALL-ACT_BAL,A_POS-DIFF,SAS-ONLY_BAL,SAS-ONLY_NEG-DIFF,SAS-ONLY_NEG-DIFF,SAS-ONLY_NEG-DIFF,SAS-ONLY_NEG-DIFF,SAS-ONLY_NEG-DIFF,A_POS-DIFF
57,MA_ALL-ACT_BAL,A_NEG-DIFF,A_NEG-DIFF,MA_ALL-ACT_BAL,DISENGAGED,A_NEG-DIFF,SAS-MOSTLY_NEG-DIFF,SAS-ONLY_NEG-DIFF,SAS-ONLY_NEG-DIFF,A_NEG-DIFF,MA_ALL-ACT_BAL,HA_BAL
58,MA_ALL-ACT_BAL,A_NEG-DIFF,SAS-MOSTLY_NEG-DIFF,MA_ALL-ACT_BAL,A_POS-DIFF,A_NEG-DIFF,SAS-MOSTLY_NEG-DIFF,SAS-ONLY_NEG-DIFF,MA_ALL-ACT_BAL,A_NEG-DIFF,MA_ALL-ACT_BAL,A_POS-DIFF
60,SAS-ONLY_BAL,SAS-ONLY_NEG-DIFF,SAS-ONLY_NEG-DIFF,MA_ALL-ACT_BAL,MA_MANY-ACT_BAL_MC,SAS-ONLY_NEG-DIFF,SAS-ONLY_NEG-DIFF,SAS-ONLY_NEG-DIFF,SAS-ONLY_NEG-DIFF,SAS-ONLY_NEG-DIFF,SAS-ONLY_NEG-DIFF,SAS-ONLY_BAL
61,DISENGAGED,DISENGAGED,SAS-ONLY_NEG-DIFF,SAS-ONLY_BAL,A_POS-DIFF,SAS-ONLY_BAL,SAS-ONLY_NEG-DIFF,SAS-ONLY_NEG-DIFF,MA_ALL-ACT_BAL,SAS-ONLY_NEG-DIFF,SAS-ONLY_NEG-DIFF,A_POS-DIFF
62,SAS-ONLY_BAL,SAS-MOSTLY_NEG-DIFF,SAS-ONLY_NEG-DIFF,SAS-ONLY_NEG-DIFF,HA_BAL,SAS-ONLY_NEG-DIFF,SAS-ONLY_NEG-DIFF,SAS-ONLY_NEG-DIFF,NA,SAS-ONLY_NEG-DIFF,SAS-ONLY_NEG-DIFF,HA_BAL
63,MA_ALL-ACT_BAL,HA_NEG-DIFF_MC,A_NEG-DIFF,SAS-ONLY_NEG-DIFF,HA_BAL,A_NEG-DIFF,SAS-MOSTLY_NEG-DIFF,SAS-ONLY_NEG-DIFF,SAS-ONLY_NEG-DIFF,A_NEG-DIFF,SAS-ONLY_NEG-DIFF,A_POS-DIFF
64,MA_ALL-ACT_BAL,SAS-ONLY_NEG-DIFF,A_NEG-DIFF,SAS-ONLY_NEG-DIFF,A_POS-DIFF,SAS-ONLY_NEG-DIFF,SAS-ONLY_NEG-DIFF,SAS-ONLY_NEG-DIFF,SAS-ONLY_NEG-DIFF,SAS-ONLY_NEG-DIFF,SAS-ONLY_NEG-DIFF,A_POS-DIFF
65,A_POS-DIFF,SAS-MOSTLY_NEG-DIFF,SAS-ONLY_NEG-DIFF,SAS-ONLY_NEG-DIFF,DISENGAGED,SAS-ONLY_NEG-DIFF,SAS-ONLY_BAL,SAS-ONLY_NEG-DIFF,SAS-ONLY_NEG-DIFF,SAS-ONLY_NEG-DIFF,SAS-ONLY_NEG-DIFF,A_POS-DIFF
66,SAS-ONLY_BAL,SAS-ONLY_NEG-DIFF,A_NEG-DIFF,MA_ALL-ACT_BAL,DISENGAGED,A_NEG-DIFF,SAS-ONLY_NEG-DIFF,SAS-ONLY_NEG-DIFF,SAS-ONLY_NEG-DIFF,SAS-ONLY_NEG-DIFF,SAS-ONLY_BAL,A_POS-DIFF
67,MA_ALL-ACT_BAL,DISENGAGED,SAS-MOSTLY_NEG-DIFF,SAS-ONLY_BAL,DISENGAGED,SAS-ONLY_BAL,NA,SAS-ONLY_NEG-DIFF,DISENGAGED,NA,SAS-ONLY_BAL,NA
68,A_POS-DIFF,A_NEG-DIFF,A_NEG-DIFF,MA_ALL-ACT_BAL,A_POS-DIFF,SAS-ONLY_BAL,MA_ALL-ACT_BAL,SAS-ONLY_NEG-DIFF,MA_ALL-ACT_BAL,SAS-ONLY_NEG-DIFF,SAS-ONLY_BAL,A_POS-DIFF
70,MA_ALL-ACT_BAL,A_NEG-DIFF,SAS-MOSTLY_NEG-DIFF,SAS-ONLY_BAL,A_POS-DIFF,SAS-ONLY_NEG-DIFF,SAS-ONLY_NEG-DIFF,SAS-ONLY_NEG-DIFF,DISENGAGED,SAS-ONLY_NEG-DIFF,SAS-ONLY_NEG-DIFF,SAS-ONLY_BAL
72,NA,DISENGAGED,DISENGAGED,SAS-ONLY_BAL,DISENGAGED,NA,MA_ALL-ACT_BAL,SAS-ONLY_NEG-DIFF,NA,SAS-ONLY_BAL,SAS-ONLY_BAL,A_POS-DIFF
74,MA_ALL-ACT_BAL,SAS-ONLY_NEG-DIFF,A_NEG-DIFF,SAS-ONLY_NEG-DIFF,HA_BAL_MC,SAS-ONLY_BAL,SAS-MOSTLY_NEG-DIFF,SAS-ONLY_NEG-DIFF,DISENGAGED,SAS-ONLY_BAL,MA_ALL-ACT_BAL,A_POS-DIFF
76,DISENGAGED,DISENGAGED,SAS-MOSTLY_NEG-DIFF,SAS-ONLY_NEG-DIFF,DISENGAGED,SAS-ONLY_NEG-DIFF,MA_ALL-ACT_BAL,SAS-ONLY_NEG-DIFF,MA_ALL-ACT_BAL,A_NEG-DIFF,MA_ALL-ACT_BAL,SAS-ONLY_BAL
77,SAS-ONLY_BAL,SAS-ONLY_NEG-DIFF,DISENGAGED,SAS-ONLY_NEG-DIFF,DISENGAGED,SAS-ONLY_BAL,SAS-ONLY_BAL,SAS-ONLY_NEG-DIFF,SAS-ONLY_NEG-DIFF,SAS-ONLY_NEG-DIFF,SAS-ONLY_NEG-DIFF,SAS-ONLY_BAL
78,MA_ALL-ACT_BAL,A_NEG-DIFF,SAS-MOSTLY_NEG-DIFF,MA_ALL-ACT_BAL,A_POS-DIFF,SAS-ONLY_BAL,SAS-ONLY_NEG-DIFF,SAS-ONLY_NEG-DIFF,SAS-ONLY_NEG-DIFF,SAS-ONLY_NEG-DIFF,SAS-ONLY_NEG-DIFF,SAS-ONLY_BAL
79,MA_ALL-ACT_BAL,A_NEG-DIFF,DISENGAGED,MA_ALL-ACT_BAL,HA_BAL_MC,SAS-ONLY_BAL,SAS-ONLY_NEG-DIFF,SAS-ONLY_NEG-DIFF,SAS-ONLY_NEG-DIFF,SAS-ONLY_NEG-DIFF,SAS-ONLY_BAL,A_POS-DIFF
80,MA_ALL-ACT_BAL,SAS-MOSTLY_NEG-DIFF,SAS-MOSTLY_NEG-DIFF,MA_ALL-ACT_BAL,A_POS-DIFF,SAS-ONLY_BAL,SAS-ONLY_NEG-DIFF,SAS-ONLY_NEG-DIFF,SAS-ONLY_NEG-DIFF,SAS-ONLY_NEG-DIFF,SAS-ONLY_NEG-DIFF,A_POS-DIFF
81,DISENGAGED,SAS-ONLY_NEG-DIFF,A_NEG-DIFF,SAS-ONLY_NEG-DIFF,A_POS-DIFF,A_NEG-DIFF,SAS-MOSTLY_NEG-DIFF,SAS-ONLY_NEG-DIFF,SAS-ONLY_NEG-DIFF,A_NEG-DIFF,SAS-ONLY_NEG-DIFF,SAS-ONLY_BAL
83,MA_ALL-ACT_BAL,A_NEG-DIFF,A_NEG-DIFF,MA_ALL-ACT_BAL,A_POS-DIFF,SAS-ONLY_NEG-DIFF,SAS-ONLY_NEG-DIFF,SAS-ONLY_NEG-DIFF,SAS-ONLY_NEG-DIFF,SAS-ONLY_NEG-DIFF,SAS-ONLY_NEG-DIFF,A_POS-DIFF
85,DISENGAGED,A_NEG-DIFF,SAS-MOSTLY_NEG-DIFF,SAS-ONLY_NEG-DIFF,DISENGAGED,SAS-ONLY_BAL,SAS-ONLY_NEG-DIFF,SAS-ONLY_NEG-DIFF,SAS-ONLY_NEG-DIFF,SAS-ONLY_NEG-DIFF,SAS-ONLY_NEG-DIFF,A_POS-DIFF
86,SAS-ONLY_BAL,A_NEG-DIFF,SAS-ONLY_NEG-DIFF,SAS-ONLY_NEG-DIFF,DISENGAGED,SAS-ONLY_NEG-DIFF,SAS-ONLY_NEG-DIFF,SAS-ONLY_NEG-DIFF,SAS-ONLY_NEG-DIFF,SAS-ONLY_NEG-DIFF,SAS-ONLY_NEG-DIFF,A_POS-DIFF
87,SAS-ONLY_BAL,SAS-MOSTLY_NEG-DIFF,A_NEG-DIFF,SAS-ONLY_NEG-DIFF,DISENGAGED,SAS-ONLY_BAL,SAS-ONLY_NEG-DIFF,SAS-ONLY_NEG-DIFF,DISENGAGED,SAS-ONLY_NEG-DIFF,SAS-ONLY_BAL,SAS-ONLY_BAL
89,MA_ALL-ACT_BAL,SAS-ONLY_NEG-DIFF,A_NEG-DIFF,MA_ALL-ACT_BAL,HA_BAL_MC,SAS-ONLY_BAL,SAS-MOSTLY_NEG-DIFF,SAS-ONLY_NEG-DIFF,DISENGAGED,SAS-ONLY_BAL,SAS-ONLY_BAL,HA_BAL
90,MA_ALL-ACT_BAL,SAS-ONLY_NEG-DIFF,SAS-MOSTLY_NEG-DIFF,SAS-ONLY_BAL,A_POS-DIFF,SAS-ONLY_NEG-DIFF,SAS-ONLY_BAL,SAS-ONLY_NEG-DIFF,NA,NA,SAS-ONLY_BAL,SAS-ONLY_BAL
92,MA_ALL-ACT_BAL,SAS-MOSTLY_NEG-DIFF,A_NEG-DIFF,MA_ALL-ACT_BAL,A_POS-DIFF,A_NEG-DIFF,MA_ALL-ACT_BAL,A_NEG-DIFF,HA_NEG-DIFF_MC,A_NEG-DIFF,MA_ALL-ACT_BAL,A_POS-DIFF
94,MA_ALL-ACT_BAL,HA_NEG-DIFF_MC,HA_BAL_MC,HA_NEG-DIFF_MC,A_POS-DIFF,A_NEG-DIFF,MA_ALL-ACT_BAL,HA_NEG-DIFF_MC,DISENGAGED,A_NEG-DIFF,SAS-ONLY_NEG-DIFF,SAS-ONLY_BAL
95,A_POS-DIFF,A_NEG-DIFF,SAS-MOSTLY_NEG-DIFF,SAS-ONLY_NEG-DIFF,DISENGAGED,SAS-ONLY_BAL,SAS-ONLY_NEG-DIFF,SAS-ONLY_NEG-DIFF,SAS-ONLY_NEG-DIFF,SAS-ONLY_NEG-DIFF,SAS-ONLY_NEG-DIFF,SAS-ONLY_BAL
96,DISENGAGED,DISENGAGED,SAS-MOSTLY_NEG-DIFF,SAS-ONLY_NEG-DIFF,HA_BAL,SAS-ONLY_BAL,SAS-ONLY_NEG-DIFF,SAS-ONLY_NEG-DIFF,SAS-ONLY_NEG-DIFF,SAS-ONLY_NEG-DIFF,SAS-ONLY_NEG-DIFF,A_POS-DIFF
97,DISENGAGED,DISENGAGED,SAS-ONLY_NEG-DIFF,SAS-ONLY_BAL,A_POS-DIFF,SAS-ONLY_BAL,SAS-ONLY_NEG-DIFF,SAS-ONLY_NEG-DIFF,SAS-ONLY_NEG-DIFF,SAS-ONLY_NEG-DIFF,SAS-ONLY_BAL,A_POS-DIFF
99,MA_ALL-ACT_BAL,SAS-MOSTLY_NEG-DIFF,A_NEG-DIFF,MA_ALL-ACT_BAL,A_POS-DIFF,A_NEG-DIFF,SAS-ONLY_NEG-DIFF,SAS-ONLY_NEG-DIFF,SAS-ONLY_NEG-DIFF,SAS-ONLY_NEG-DIFF,SAS-ONLY_BAL,SAS-ONLY_BAL
100,MA_ALL-ACT_BAL,SAS-ONLY_NEG-DIFF,SAS-ONLY_NEG-DIFF,MA_ALL-ACT_BAL,DISENGAGED,SAS-ONLY_NEG-DIFF,SAS-ONLY_NEG-DIFF,SAS-ONLY_NEG-DIFF,SAS-ONLY_NEG-DIFF,SAS-ONLY_NEG-DIFF,SAS-ONLY_NEG-DIFF,A_POS-DIFF
102,DISENGAGED,SAS-ONLY_NEG-DIFF,SAS-ONLY_NEG-DIFF,SAS-ONLY_NEG-DIFF,DISENGAGED,SAS-ONLY_BAL,SAS-ONLY_BAL,SAS-ONLY_NEG-DIFF,DISENGAGED,SAS-ONLY_NEG-DIFF,SAS-ONLY_BAL,SAS-ONLY_BAL
104,SAS-ONLY_BAL,DISENGAGED,SAS-ONLY_NEG-DIFF,SAS-ONLY_BAL,A_POS-DIFF,SAS-ONLY_BAL,SAS-ONLY_NEG-DIFF,SAS-ONLY_NEG-DIFF,SAS-ONLY_NEG-DIFF,SAS-ONLY_NEG-DIFF,SAS-ONLY_NEG-DIFF,SAS-ONLY_BAL
105,MA_ALL-ACT_BAL,A_NEG-DIFF,A_NEG-DIFF,SAS-ONLY_NEG-DIFF,MA_MANY-ACT_BAL_MC,SAS-ONLY_NEG-DIFF,SAS-ONLY_NEG-DIFF,SAS-ONLY_NEG-DIFF,HA_NEG-DIFF_MC,SAS-ONLY_NEG-DIFF,SAS-ONLY_NEG-DIFF,A_POS-DIFF
106,SAS-ONLY_BAL,DISENGAGED,SAS-ONLY_NEG-DIFF,SAS-ONLY_NEG-DIFF,DISENGAGED,SAS-ONLY_NEG-DIFF,SAS-ONLY_NEG-DIFF,SAS-ONLY_NEG-DIFF,SAS-ONLY_NEG-DIFF,SAS-ONLY_NEG-DIFF,NA,A_POS-DIFF
107,A_POS-DIFF,HA_NEG-DIFF_MC,HA_BAL_MC,MA_ALL-ACT_BAL,HA_BAL_MC,SAS-ONLY_BAL,SAS-MOSTLY_NEG-DIFF,SAS-ONLY_NEG-DIFF,MA_ALL-ACT_BAL,SAS-ONLY_NEG-DIFF,MA_ALL-ACT_BAL,HA_BAL
108,A_POS-DIFF,A_NEG-DIFF,A_NEG-DIFF,MA_ALL-ACT_BAL,A_POS-DIFF,SAS-ONLY_NEG-DIFF,SAS-MOSTLY_NEG-DIFF,SAS-ONLY_NEG-DIFF,SAS-ONLY_NEG-DIFF,SAS-ONLY_NEG-DIFF,SAS-ONLY_NEG-DIFF,SAS-ONLY_BAL
109,NA,SAS-MOSTLY_NEG-DIFF,SAS-MOSTLY_NEG-DIFF,SAS-ONLY_NEG-DIFF,HA_BAL_MC,SAS-ONLY_NEG-DIFF,SAS-ONLY_NEG-DIFF,SAS-ONLY_NEG-DIFF,SAS-ONLY_NEG-DIFF,NA,SAS-ONLY_NEG-DIFF,A_POS-DIFF
111,SAS-ONLY_BAL,HA_NEG-DIFF_MC,HA_BAL_MC,SAS-ONLY_NEG-DIFF,HA_BAL_MC,A_NEG-DIFF,MA_ALL-ACT_BAL,A_NEG-DIFF,MA_ALL-ACT_BAL,SAS-ONLY_NEG-DIFF,MA_ALL-ACT_BAL,A_POS-DIFF
114,MA_ALL-ACT_BAL,SAS-MOSTLY_NEG-DIFF,SAS-MOSTLY_NEG-DIFF,MA_ALL-ACT_BAL,A_POS-DIFF,SAS-ONLY_BAL,SAS-ONLY_NEG-DIFF,SAS-ONLY_NEG-DIFF,SAS-ONLY_NEG-DIFF,A_NEG-DIFF,SAS-ONLY_NEG-DIFF,A_POS-DIFF
117,A_POS-DIFF,A_NEG-DIFF,HA_BAL_MC,MA_ALL-ACT_BAL,A_POS-DIFF,A_NEG-DIFF,MA_ALL-ACT_BAL,SAS-ONLY_NEG-DIFF,SAS-ONLY_NEG-DIFF,SAS-ONLY_BAL,SAS-ONLY_BAL,A_POS-DIFF
118,NA,NA,SAS-ONLY_NEG-DIFF,SAS-ONLY_BAL,A_POS-DIFF,SAS-ONLY_NEG-DIFF,SAS-ONLY_NEG-DIFF,SAS-ONLY_NEG-DIFF,SAS-ONLY_NEG-DIFF,SAS-ONLY_NEG-DIFF,SAS-ONLY_NEG-DIFF,SAS-ONLY_BAL
119,A_POS-DIFF,A_NEG-DIFF,A_NEG-DIFF,MA_ALL-ACT_BAL,A_POS-DIFF,A_NEG-DIFF,MA_ALL-ACT_BAL,A_NEG-DIFF,MA_ALL-ACT_BAL,A_NEG-DIFF,MA_ALL-ACT_BAL,SAS-ONLY_BAL
121,DISENGAGED,SAS-ONLY_NEG-DIFF,SAS-ONLY_NEG-DIFF,SAS-ONLY_NEG-DIFF,DISENGAGED,SAS-ONLY_BAL,SAS-ONLY_BAL,NA,MA_ALL-ACT_BAL,SAS-ONLY_NEG-DIFF,SAS-ONLY_BAL,SAS-ONLY_BAL
122,MA_ALL-ACT_BAL,SAS-ONLY_NEG-DIFF,A_NEG-DIFF,SAS-ONLY_NEG-DIFF,HA_BAL,SAS-ONLY_BAL,SAS-MOSTLY_NEG-DIFF,SAS-ONLY_NEG-DIFF,SAS-ONLY_NEG-DIFF,SAS-ONLY_NEG-DIFF,SAS-ONLY_NEG-DIFF,A_POS-DIFF
123,MA_ALL-ACT_BAL,A_NEG-DIFF,HA_BAL_MC,MA_ALL-ACT_BAL,HA_BAL_MC,MA_MANY-ACT_BAL_MC,MA_ALL-ACT_BAL,A_NEG-DIFF,SAS-ONLY_NEG-DIFF,A_NEG-DIFF,MA_ALL-ACT_BAL,HA_BAL
125,A_POS-DIFF,SAS-ONLY_NEG-DIFF,A_NEG-DIFF,MA_ALL-ACT_BAL,HA_BAL,A_NEG-DIFF,MA_ALL-ACT_BAL,A_NEG-DIFF,MA_ALL-ACT_BAL,SAS-ONLY_NEG-DIFF,MA_ALL-ACT_BAL,A_POS-DIFF
127,MA_ALL-ACT_BAL,DISENGAGED,SAS-ONLY_NEG-DIFF,SAS-ONLY_NEG-DIFF,MA_MANY-ACT_BAL_MC,SAS-ONLY_NEG-DIFF,SAS-MOSTLY_NEG-DIFF,SAS-ONLY_NEG-DIFF,DISENGAGED,SAS-ONLY_NEG-DIFF,SAS-ONLY_NEG-DIFF,SAS-ONLY_BAL
128,MA_ALL-ACT_BAL,HA_NEG-DIFF_MC,HA_BAL_MC,MA_ALL-ACT_BAL,HA_BAL_MC,SAS-ONLY_BAL,SAS-ONLY_NEG-DIFF,A_NEG-DIFF,HA_NEG-DIFF_MC,A_NEG-DIFF,MA_ALL-ACT_BAL,SAS-ONLY_BAL
130,SAS-ONLY_BAL,SAS-ONLY_NEG-DIFF,SAS-ONLY_NEG-DIFF,SAS-ONLY_NEG-DIFF,A_POS-DIFF,SAS-ONLY_NEG-DIFF,SAS-MOSTLY_NEG-DIFF,SAS-ONLY_NEG-DIFF,SAS-ONLY_NEG-DIFF,SAS-ONLY_NEG-DIFF,SAS-ONLY_NEG-DIFF,A_POS-DIFF
132,SAS-ONLY_BAL,SAS-ONLY_NEG-DIFF,SAS-ONLY_NEG-DIFF,MA_ALL-ACT_BAL,A_POS-DIFF,SAS-ONLY_NEG-DIFF,SAS-ONLY_NEG-DIFF,SAS-ONLY_NEG-DIFF,SAS-ONLY_NEG-DIFF,SAS-ONLY_NEG-DIFF,SAS-ONLY_NEG-DIFF,SAS-ONLY_BAL
133,DISENGAGED,SAS-ONLY_NEG-DIFF,DISENGAGED,SAS-ONLY_BAL,MA_MANY-ACT_BAL_MC,SAS-ONLY_BAL,SAS-ONLY_BAL,SAS-ONLY_NEG-DIFF,SAS-ONLY_NEG-DIFF,SAS-ONLY_NEG-DIFF,SAS-ONLY_NEG-DIFF,A_POS-DIFF
134,A_POS-DIFF,HA_NEG-DIFF_MC,HA_BAL_MC,MA_ALL-ACT_BAL,MA_MANY-ACT_BAL_MC,A_NEG-DIFF,MA_ALL-ACT_BAL,HA_NEG-DIFF_MC,MA_ALL-ACT_BAL,A_NEG-DIFF,MA_ALL-ACT_BAL,A_POS-DIFF
135,A_POS-DIFF,HA_NEG-DIFF_MC,HA_BAL_MC,HA_NEG-DIFF_MC,A_POS-DIFF,A_NEG-DIFF,MA_ALL-ACT_BAL,A_NEG-DIFF,HA_NEG-DIFF_MC,A_NEG-DIFF,MA_ALL-ACT_BAL,SAS-ONLY_BAL
136,A_POS-DIFF,A_NEG-DIFF,A_NEG-DIFF,SAS-ONLY_BAL,HA_BAL,SAS-ONLY_BAL,SAS-MOSTLY_NEG-DIFF,A_NEG-DIFF,SAS-ONLY_NEG-DIFF,A_NEG-DIFF,MA_ALL-ACT_BAL,A_POS-DIFF
137,A_POS-DIFF,HA_NEG-DIFF_MC,SAS-MOSTLY_NEG-DIFF,MA_ALL-ACT_BAL,A_POS-DIFF,A_NEG-DIFF,MA_ALL-ACT_BAL,A_NEG-DIFF,HA_NEG-DIFF_MC,SAS-ONLY_NEG-DIFF,MA_ALL-ACT_BAL,HA_BAL
138,DISENGAGED,DISENGAGED,DISENGAGED,SAS-ONLY_BAL,DISENGAGED,SAS-ONLY_BAL,SAS-ONLY_NEG-DIFF,SAS-ONLY_NEG-DIFF,SAS-ONLY_NEG-DIFF,SAS-ONLY_BAL,SAS-ONLY_NEG-DIFF,SAS-ONLY_BAL
139,A_POS-DIFF,HA_NEG-DIFF_MC,A_NEG-DIFF,HA_NEG-DIFF_MC,HA_BAL,A_NEG-DIFF,MA_ALL-ACT_BAL,HA_NEG-DIFF_MC,MA_ALL-ACT_BAL,A_NEG-DIFF,MA_ALL-ACT_BAL,A_POS-DIFF
141,DISENGAGED,A_NEG-DIFF,A_NEG-DIFF,MA_ALL-ACT_BAL,A_POS-DIFF,A_NEG-DIFF,SAS-MOSTLY_NEG-DIFF,A_NEG-DIFF,MA_ALL-ACT_BAL,A_NEG-DIFF,MA_ALL-ACT_BAL,A_POS-DIFF
142,A_POS-DIFF,SAS-MOSTLY_NEG-DIFF,SAS-MOSTLY_NEG-DIFF,SAS-ONLY_NEG-DIFF,A_POS-DIFF,SAS-ONLY_BAL,SAS-MOSTLY_NEG-DIFF,SAS-ONLY_NEG-DIFF,SAS-ONLY_NEG-DIFF,SAS-ONLY_NEG-DIFF,SAS-ONLY_NEG-DIFF,A_POS-DIFF
144,A_POS-DIFF,A_NEG-DIFF,A_NEG-DIFF,MA_ALL-ACT_BAL,A_POS-DIFF,A_NEG-DIFF,MA_ALL-ACT_BAL,HA_NEG-DIFF_MC,MA_ALL-ACT_BAL,A_NEG-DIFF,MA_ALL-ACT_BAL,A_POS-DIFF
146,A_POS-DIFF,HA_NEG-DIFF_MC,HA_BAL_MC,HA_NEG-DIFF_MC,HA_BAL_MC,A_NEG-DIFF,SAS-MOSTLY_NEG-DIFF,HA_NEG-DIFF_MC,SAS-ONLY_NEG-DIFF,A_NEG-DIFF,SAS-ONLY_NEG-DIFF,HA_BAL
147,A_POS-DIFF,HA_NEG-DIFF_MC,HA_BAL_MC,HA_NEG-DIFF_MC,A_POS-DIFF,A_NEG-DIFF,MA_ALL-ACT_BAL,HA_NEG-DIFF_MC,HA_NEG-DIFF_MC,A_NEG-DIFF,MA_ALL-ACT_BAL,A_POS-DIFF
148,A_POS-DIFF,A_NEG-DIFF,HA_BAL_MC,MA_ALL-ACT_BAL,DISENGAGED,SAS-ONLY_BAL,SAS-ONLY_NEG-DIFF,SAS-ONLY_NEG-DIFF,SAS-ONLY_NEG-DIFF,SAS-ONLY_NEG-DIFF,SAS-ONLY_NEG-DIFF,A_POS-DIFF
149,MA_ALL-ACT_BAL,A_NEG-DIFF,SAS-ONLY_NEG-DIFF,SAS-ONLY_NEG-DIFF,HA_BAL_MC,SAS-ONLY_NEG-DIFF,SAS-ONLY_NEG-DIFF,A_NEG-DIFF,MA_ALL-ACT_BAL,SAS-ONLY_NEG-DIFF,SAS-ONLY_NEG-DIFF,A_POS-DIFF
150,DISENGAGED,DISENGAGED,SAS-ONLY_NEG-DIFF,SAS-ONLY_BAL,A_POS-DIFF,SAS-ONLY_NEG-DIFF,SAS-ONLY_NEG-DIFF,SAS-ONLY_NEG-DIFF,SAS-ONLY_NEG-DIFF,SAS-ONLY_NEG-DIFF,SAS-ONLY_NEG-DIFF,HA_BAL
151,MA_ALL-ACT_BAL,A_NEG-DIFF,HA_BAL_MC,SAS-ONLY_NEG-DIFF,A_POS-DIFF,SAS-ONLY_NEG-DIFF,SAS-ONLY_NEG-DIFF,SAS-ONLY_NEG-DIFF,SAS-ONLY_NEG-DIFF,SAS-ONLY_NEG-DIFF,SAS-ONLY_NEG-DIFF,A_POS-DIFF
152,MA_ALL-ACT_BAL,SAS-ONLY_NEG-DIFF,SAS-MOSTLY_NEG-DIFF,SAS-ONLY_NEG-DIFF,DISENGAGED,SAS-ONLY_BAL,SAS-ONLY_NEG-DIFF,A_NEG-DIFF,SAS-ONLY_NEG-DIFF,SAS-ONLY_NEG-DIFF,SAS-ONLY_NEG-DIFF,SAS-ONLY_BAL
154,MA_ALL-ACT_BAL,A_NEG-DIFF,HA_BAL_MC,HA_NEG-DIFF_MC,HA_BAL,A_NEG-DIFF,MA_ALL-ACT_BAL,HA_NEG-DIFF_MC,MA_ALL-ACT_BAL,A_NEG-DIFF,MA_ALL-ACT_BAL,HA_BAL
155,A_POS-DIFF,A_NEG-DIFF,A_NEG-DIFF,MA_ALL-ACT_BAL,HA_BAL_MC,SAS-ONLY_NEG-DIFF,MA_ALL-ACT_BAL,A_NEG-DIFF,SAS-ONLY_NEG-DIFF,SAS-ONLY_NEG-DIFF,SAS-ONLY_NEG-DIFF,A_POS-DIFF
156,DISENGAGED,DISENGAGED,DISENGAGED,SAS-ONLY_BAL,NA,NA,NA,NA,NA,NA,NA,NA
157,A_POS-DIFF,A_NEG-DIFF,HA_BAL_MC,SAS-ONLY_BAL,HA_BAL_MC,SAS-ONLY_BAL,MA_ALL-ACT_BAL,A_NEG-DIFF,MA_ALL-ACT_BAL,SAS-ONLY_NEG-DIFF,SAS-ONLY_BAL,HA_BAL
158,MA_ALL-ACT_BAL,A_NEG-DIFF,DISENGAGED,NA,A_POS-DIFF,SAS-ONLY_BAL,SAS-MOSTLY_NEG-DIFF,SAS-ONLY_NEG-DIFF,SAS-ONLY_NEG-DIFF,SAS-ONLY_NEG-DIFF,NA,HA_BAL
159,DISENGAGED,DISENGAGED,DISENGAGED,NA,HA_BAL_MC,SAS-ONLY_BAL,MA_ALL-ACT_BAL,SAS-ONLY_NEG-DIFF,MA_ALL-ACT_BAL,SAS-ONLY_NEG-DIFF,SAS-ONLY_NEG-DIFF,A_POS-DIFF
160,A_POS-DIFF,A_NEG-DIFF,A_NEG-DIFF,MA_ALL-ACT_BAL,HA_BAL_MC,A_NEG-DIFF,MA_ALL-ACT_BAL,A_NEG-DIFF,MA_ALL-ACT_BAL,A_NEG-DIFF,MA_ALL-ACT_BAL,A_POS-DIFF
161,NA,NA,NA,NA,A_POS-DIFF,SAS-ONLY_NEG-DIFF,SAS-ONLY_NEG-DIFF,SAS-ONLY_NEG-DIFF,DISENGAGED,SAS-ONLY_NEG-DIFF,SAS-ONLY_NEG-DIFF,A_POS-DIFF
162,SAS-ONLY_BAL,A_NEG-DIFF,SAS-ONLY_NEG-DIFF,SAS-ONLY_NEG-DIFF,A_POS-DIFF,SAS-ONLY_NEG-DIFF,SAS-ONLY_NEG-DIFF,SAS-ONLY_NEG-DIFF,SAS-ONLY_NEG-DIFF,SAS-ONLY_NEG-DIFF,SAS-ONLY_NEG-DIFF,A_POS-DIFF
164,MA_ALL-ACT_BAL,SAS-ONLY_NEG-DIFF,SAS-ONLY_NEG-DIFF,SAS-ONLY_NEG-DIFF,MA_MANY-ACT_BAL_MC,SAS-ONLY_NEG-DIFF,SAS-ONLY_NEG-DIFF,SAS-ONLY_NEG-DIFF,MA_ALL-ACT_BAL,SAS-ONLY_NEG-DIFF,MA_ALL-ACT_BAL,HA_BAL
165,MA_ALL-ACT_BAL,DISENGAGED,SAS-ONLY_NEG-DIFF,SAS-ONLY_BAL,A_POS-DIFF,SAS-ONLY_BAL,SAS-ONLY_NEG-DIFF,SAS-ONLY_NEG-DIFF,SAS-ONLY_NEG-DIFF,SAS-ONLY_BAL,SAS-ONLY_NEG-DIFF,A_POS-DIFF
166,A_POS-DIFF,SAS-MOSTLY_NEG-DIFF,A_NEG-DIFF,MA_ALL-ACT_BAL,HA_BAL_MC,A_NEG-DIFF,MA_ALL-ACT_BAL,A_NEG-DIFF,MA_ALL-ACT_BAL,SAS-ONLY_NEG-DIFF,SAS-ONLY_NEG-DIFF,HA_BAL
167,SAS-ONLY_BAL,SAS-MOSTLY_NEG-DIFF,SAS-MOSTLY_NEG-DIFF,HA_NEG-DIFF_MC,A_POS-DIFF,SAS-ONLY_BAL,SAS-ONLY_NEG-DIFF,SAS-ONLY_NEG-DIFF,SAS-ONLY_NEG-DIFF,SAS-ONLY_NEG-DIFF,MA_ALL-ACT_BAL,A_POS-DIFF
169,MA_ALL-ACT_BAL,NA,NA,MA_ALL-ACT_BAL,DISENGAGED,A_NEG-DIFF,MA_ALL-ACT_BAL,A_NEG-DIFF,HA_NEG-DIFF_MC,A_NEG-DIFF,MA_ALL-ACT_BAL,SAS-ONLY_BAL
170,MA_ALL-ACT_BAL,SAS-ONLY_NEG-DIFF,DISENGAGED,SAS-ONLY_BAL,A_POS-DIFF,NA,SAS-ONLY_BAL,SAS-ONLY_NEG-DIFF,NA,SAS-ONLY_BAL,SAS-ONLY_BAL,SAS-ONLY_BAL
172,MA_ALL-ACT_BAL,HA_NEG-DIFF_MC,A_NEG-DIFF,MA_ALL-ACT_BAL,A_POS-DIFF,A_NEG-DIFF,MA_ALL-ACT_BAL,HA_NEG-DIFF_MC,MA_ALL-ACT_BAL,A_NEG-DIFF,MA_ALL-ACT_BAL,A_POS-DIFF
174,A_POS-DIFF,A_NEG-DIFF,SAS-ONLY_NEG-DIFF,SAS-ONLY_NEG-DIFF,MA_MANY-ACT_BAL_MC,SAS-ONLY_NEG-DIFF,SAS-ONLY_NEG-DIFF,SAS-ONLY_NEG-DIFF,SAS-ONLY_NEG-DIFF,SAS-ONLY_NEG-DIFF,SAS-ONLY_NEG-DIFF,SAS-ONLY_BAL
175,NA,DISENGAGED,NA,NA,NA,SAS-ONLY_BAL,SAS-ONLY_BAL,SAS-ONLY_NEG-DIFF,DISENGAGED,NA,NA,SAS-ONLY_BAL
176,A_POS-DIFF,A_NEG-DIFF,A_NEG-DIFF,MA_ALL-ACT_BAL,A_POS-DIFF,SAS-ONLY_NEG-DIFF,SAS-ONLY_NEG-DIFF,A_NEG-DIFF,MA_ALL-ACT_BAL,SAS-ONLY_BAL,SAS-ONLY_BAL,A_POS-DIFF
177,SAS-ONLY_BAL,SAS-ONLY_NEG-DIFF,SAS-ONLY_NEG-DIFF,SAS-ONLY_BAL,A_POS-DIFF,SAS-ONLY_BAL,SAS-ONLY_BAL,SAS-ONLY_NEG-DIFF,SAS-ONLY_NEG-DIFF,SAS-ONLY_NEG-DIFF,SAS-ONLY_BAL,A_POS-DIFF
178,A_POS-DIFF,A_NEG-DIFF,SAS-MOSTLY_NEG-DIFF,SAS-ONLY_BAL,DISENGAGED,SAS-ONLY_BAL,SAS-ONLY_NEG-DIFF,SAS-ONLY_NEG-DIFF,SAS-ONLY_NEG-DIFF,SAS-ONLY_NEG-DIFF,SAS-ONLY_BAL,HA_BAL
180,A_POS-DIFF,HA_NEG-DIFF_MC,HA_BAL_MC,HA_NEG-DIFF_MC,A_POS-DIFF,A_NEG-DIFF,MA_ALL-ACT_BAL,HA_NEG-DIFF_MC,HA_NEG-DIFF_MC,A_NEG-DIFF,MA_ALL-ACT_BAL,A_POS-DIFF
181,DISENGAGED,A_NEG-DIFF,A_NEG-DIFF,SAS-ONLY_NEG-DIFF,DISENGAGED,MA_MANY-ACT_BAL_MC,SAS-ONLY_NEG-DIFF,SAS-ONLY_NEG-DIFF,DISENGAGED,SAS-ONLY_BAL,SAS-ONLY_BAL,SAS-ONLY_BAL
182,A_POS-DIFF,HA_NEG-DIFF_MC,HA_BAL_MC,MA_ALL-ACT_BAL,DISENGAGED,SAS-ONLY_BAL,SAS-ONLY_BAL,A_NEG-DIFF,SAS-ONLY_NEG-DIFF,SAS-ONLY_NEG-DIFF,SAS-ONLY_NEG-DIFF,SAS-ONLY_BAL
183,A_POS-DIFF,A_NEG-DIFF,A_NEG-DIFF,MA_ALL-ACT_BAL,A_POS-DIFF,A_NEG-DIFF,MA_ALL-ACT_BAL,A_NEG-DIFF,MA_ALL-ACT_BAL,A_NEG-DIFF,MA_ALL-ACT_BAL,A_POS-DIFF
184,MA_ALL-ACT_BAL,SAS-MOSTLY_NEG-DIFF,A_NEG-DIFF,MA_ALL-ACT_BAL,A_POS-DIFF,SAS-ONLY_BAL,SAS-MOSTLY_NEG-DIFF,A_NEG-DIFF,DISENGAGED,SAS-ONLY_NEG-DIFF,SAS-ONLY_NEG-DIFF,SAS-ONLY_BAL
185,MA_ALL-ACT_BAL,HA_NEG-DIFF_MC,HA_BAL_MC,HA_NEG-DIFF_MC,A_POS-DIFF,MA_MANY-ACT_BAL_MC,SAS-MOSTLY_NEG-DIFF,SAS-ONLY_NEG-DIFF,MA_ALL-ACT_BAL,SAS-ONLY_BAL,SAS-ONLY_BAL,SAS-ONLY_BAL
186,MA_ALL-ACT_BAL,SAS-ONLY_NEG-DIFF,A_NEG-DIFF,SAS-ONLY_BAL,A_POS-DIFF,SAS-ONLY_BAL,SAS-ONLY_NEG-DIFF,SAS-ONLY_NEG-DIFF,SAS-ONLY_NEG-DIFF,SAS-ONLY_NEG-DIFF,SAS-ONLY_NEG-DIFF,A_POS-DIFF
187,MA_ALL-ACT_BAL,A_NEG-DIFF,SAS-MOSTLY_NEG-DIFF,SAS-ONLY_NEG-DIFF,DISENGAGED,SAS-ONLY_BAL,SAS-ONLY_NEG-DIFF,SAS-ONLY_NEG-DIFF,SAS-ONLY_NEG-DIFF,SAS-ONLY_NEG-DIFF,SAS-ONLY_NEG-DIFF,SAS-ONLY_BAL
188,MA_ALL-ACT_BAL,A_NEG-DIFF,SAS-ONLY_NEG-DIFF,SAS-ONLY_NEG-DIFF,HA_BAL_MC,A_NEG-DIFF,MA_ALL-ACT_BAL,SAS-ONLY_NEG-DIFF,SAS-ONLY_NEG-DIFF,A_NEG-DIFF,MA_ALL-ACT_BAL,A_POS-DIFF
189,A_POS-DIFF,A_NEG-DIFF,A_NEG-DIFF,SAS-ONLY_BAL,A_POS-DIFF,A_NEG-DIFF,SAS-MOSTLY_NEG-DIFF,A_NEG-DIFF,MA_ALL-ACT_BAL,SAS-ONLY_NEG-DIFF,MA_ALL-ACT_BAL,A_POS-DIFF
190,DISENGAGED,SAS-MOSTLY_NEG-DIFF,SAS-MOSTLY_NEG-DIFF,SAS-ONLY_BAL,A_POS-DIFF,SAS-ONLY_BAL,SAS-ONLY_NEG-DIFF,SAS-ONLY_NEG-DIFF,DISENGAGED,SAS-ONLY_NEG-DIFF,SAS-ONLY_BAL,A_POS-DIFF
191,MA_ALL-ACT_BAL,A_NEG-DIFF,SAS-ONLY_NEG-DIFF,MA_ALL-ACT_BAL,DISENGAGED,SAS-ONLY_BAL,SAS-ONLY_NEG-DIFF,HA_NEG-DIFF_MC,MA_ALL-ACT_BAL,SAS-ONLY_NEG-DIFF,SAS-ONLY_BAL,SAS-ONLY_BAL
192,DISENGAGED,SAS-MOSTLY_NEG-DIFF,SAS-ONLY_NEG-DIFF,SAS-ONLY_NEG-DIFF,DISENGAGED,SAS-ONLY_NEG-DIFF,MA_ALL-ACT_BAL,SAS-ONLY_NEG-DIFF,MA_ALL-ACT_BAL,SAS-ONLY_NEG-DIFF,SAS-ONLY_NEG-DIFF,SAS-ONLY_BAL
193,A_POS-DIFF,SAS-ONLY_NEG-DIFF,SAS-MOSTLY_NEG-DIFF,SAS-ONLY_BAL,DISENGAGED,SAS-ONLY_BAL,SAS-ONLY_BAL,SAS-ONLY_NEG-DIFF,SAS-ONLY_NEG-DIFF,SAS-ONLY_BAL,SAS-ONLY_BAL,A_POS-DIFF
194,A_POS-DIFF,HA_NEG-DIFF_MC,HA_BAL_MC,HA_NEG-DIFF_MC,HA_BAL_MC,A_NEG-DIFF,MA_ALL-ACT_BAL,HA_NEG-DIFF_MC,DISENGAGED,A_NEG-DIFF,MA_ALL-ACT_BAL,HA_BAL
195,A_POS-DIFF,HA_NEG-DIFF_MC,A_NEG-DIFF,MA_ALL-ACT_BAL,HA_BAL,A_NEG-DIFF,MA_ALL-ACT_BAL,HA_NEG-DIFF_MC,MA_ALL-ACT_BAL,A_NEG-DIFF,MA_ALL-ACT_BAL,A_POS-DIFF
196,A_POS-DIFF,HA_NEG-DIFF_MC,HA_BAL_MC,SAS-ONLY_NEG-DIFF,HA_BAL_MC,SAS-ONLY_NEG-DIFF,SAS-ONLY_BAL,SAS-ONLY_NEG-DIFF,SAS-ONLY_NEG-DIFF,SAS-ONLY_BAL,SAS-ONLY_BAL,SAS-ONLY_BAL
197,A_POS-DIFF,SAS-MOSTLY_NEG-DIFF,DISENGAGED,MA_ALL-ACT_BAL,DISENGAGED,SAS-ONLY_BAL,MA_ALL-ACT_BAL,SAS-ONLY_NEG-DIFF,SAS-ONLY_NEG-DIFF,SAS-ONLY_NEG-DIFF,SAS-ONLY_NEG-DIFF,SAS-ONLY_BAL
198,A_POS-DIFF,A_NEG-DIFF,HA_BAL_MC,MA_ALL-ACT_BAL,A_POS-DIFF,A_NEG-DIFF,SAS-MOSTLY_NEG-DIFF,HA_NEG-DIFF_MC,SAS-ONLY_NEG-DIFF,SAS-ONLY_BAL,SAS-ONLY_BAL,SAS-ONLY_BAL
199,MA_ALL-ACT_BAL,SAS-MOSTLY_NEG-DIFF,SAS-ONLY_NEG-DIFF,SAS-ONLY_NEG-DIFF,DISENGAGED,SAS-ONLY_BAL,SAS-ONLY_BAL,SAS-ONLY_NEG-DIFF,DISENGAGED,SAS-ONLY_BAL,SAS-ONLY_NEG-DIFF,A_POS-DIFF
200,MA_ALL-ACT_BAL,SAS-MOSTLY_NEG-DIFF,SAS-ONLY_NEG-DIFF,SAS-ONLY_NEG-DIFF,DISENGAGED,SAS-ONLY_BAL,SAS-ONLY_BAL,SAS-ONLY_NEG-DIFF,SAS-ONLY_NEG-DIFF,SAS-ONLY_NEG-DIFF,SAS-ONLY_NEG-DIFF,SAS-ONLY_BAL
201,A_POS-DIFF,HA_NEG-DIFF_MC,A_NEG-DIFF,SAS-ONLY_BAL,DISENGAGED,SAS-ONLY_BAL,SAS-ONLY_BAL,SAS-ONLY_NEG-DIFF,SAS-ONLY_NEG-DIFF,SAS-ONLY_NEG-DIFF,SAS-ONLY_NEG-DIFF,SAS-ONLY_BAL
202,A_POS-DIFF,SAS-MOSTLY_NEG-DIFF,A_NEG-DIFF,MA_ALL-ACT_BAL,DISENGAGED,A_NEG-DIFF,MA_ALL-ACT_BAL,A_NEG-DIFF,MA_ALL-ACT_BAL,A_NEG-DIFF,MA_ALL-ACT_BAL,SAS-ONLY_BAL
204,DISENGAGED,DISENGAGED,SAS-MOSTLY_NEG-DIFF,SAS-ONLY_NEG-DIFF,A_POS-DIFF,SAS-ONLY_BAL,SAS-ONLY_BAL,NA,DISENGAGED,SAS-ONLY_BAL,SAS-ONLY_BAL,SAS-ONLY_BAL
205,A_POS-DIFF,A_NEG-DIFF,HA_BAL_MC,MA_ALL-ACT_BAL,DISENGAGED,A_NEG-DIFF,SAS-ONLY_NEG-DIFF,SAS-ONLY_NEG-DIFF,SAS-ONLY_NEG-DIFF,SAS-ONLY_NEG-DIFF,SAS-ONLY_BAL,SAS-ONLY_BAL
206,SAS-ONLY_BAL,SAS-MOSTLY_NEG-DIFF,SAS-MOSTLY_NEG-DIFF,SAS-ONLY_BAL,DISENGAGED,SAS-ONLY_BAL,SAS-MOSTLY_NEG-DIFF,SAS-ONLY_NEG-DIFF,SAS-ONLY_NEG-DIFF,SAS-ONLY_BAL,SAS-ONLY_BAL,A_POS-DIFF
207,A_POS-DIFF,A_NEG-DIFF,HA_BAL_MC,MA_ALL-ACT_BAL,A_POS-DIFF,MA_MANY-ACT_BAL_MC,SAS-MOSTLY_NEG-DIFF,A_NEG-DIFF,MA_ALL-ACT_BAL,A_NEG-DIFF,MA_ALL-ACT_BAL,A_POS-DIFF
208,A_POS-DIFF,HA_NEG-DIFF_MC,A_NEG-DIFF,MA_ALL-ACT_BAL,A_POS-DIFF,A_NEG-DIFF,MA_ALL-ACT_BAL,A_NEG-DIFF,MA_ALL-ACT_BAL,SAS-ONLY_NEG-DIFF,MA_ALL-ACT_BAL,A_POS-DIFF
209,A_POS-DIFF,HA_NEG-DIFF_MC,HA_BAL_MC,HA_NEG-DIFF_MC,A_POS-DIFF,A_NEG-DIFF,MA_ALL-ACT_BAL,HA_NEG-DIFF_MC,MA_ALL-ACT_BAL,A_NEG-DIFF,MA_ALL-ACT_BAL,SAS-ONLY_BAL
210,A_POS-DIFF,HA_NEG-DIFF_MC,HA_BAL_MC,SAS-ONLY_NEG-DIFF,HA_BAL_MC,SAS-ONLY_BAL,MA_ALL-ACT_BAL,HA_NEG-DIFF_MC,SAS-ONLY_NEG-DIFF,SAS-ONLY_NEG-DIFF,NA,HA_BAL
211,A_POS-DIFF,HA_NEG-DIFF_MC,SAS-MOSTLY_NEG-DIFF,SAS-ONLY_NEG-DIFF,HA_BAL_MC,SAS-ONLY_BAL,SAS-ONLY_NEG-DIFF,SAS-ONLY_NEG-DIFF,SAS-ONLY_NEG-DIFF,SAS-ONLY_NEG-DIFF,SAS-ONLY_NEG-DIFF,A_POS-DIFF
213,A_POS-DIFF,A_NEG-DIFF,SAS-ONLY_NEG-DIFF,SAS-ONLY_NEG-DIFF,DISENGAGED,A_NEG-DIFF,SAS-MOSTLY_NEG-DIFF,A_NEG-DIFF,MA_ALL-ACT_BAL,A_NEG-DIFF,MA_ALL-ACT_BAL,HA_BAL
215,A_POS-DIFF,A_NEG-DIFF,SAS-MOSTLY_NEG-DIFF,SAS-ONLY_NEG-DIFF,A_POS-DIFF,SAS-ONLY_NEG-DIFF,SAS-MOSTLY_NEG-DIFF,SAS-ONLY_NEG-DIFF,SAS-ONLY_NEG-DIFF,SAS-ONLY_NEG-DIFF,SAS-ONLY_NEG-DIFF,SAS-ONLY_BAL
216,A_POS-DIFF,A_NEG-DIFF,A_NEG-DIFF,MA_ALL-ACT_BAL,A_POS-DIFF,A_NEG-DIFF,MA_ALL-ACT_BAL,A_NEG-DIFF,MA_ALL-ACT_BAL,A_NEG-DIFF,MA_ALL-ACT_BAL,A_POS-DIFF
217,A_POS-DIFF,A_NEG-DIFF,HA_BAL_MC,MA_ALL-ACT_BAL,A_POS-DIFF,SAS-ONLY_BAL,SAS-MOSTLY_NEG-DIFF,A_NEG-DIFF,SAS-ONLY_NEG-DIFF,A_NEG-DIFF,SAS-ONLY_NEG-DIFF,A_POS-DIFF
218,DISENGAGED,DISENGAGED,SAS-MOSTLY_NEG-DIFF,MA_ALL-ACT_BAL,A_POS-DIFF,MA_MANY-ACT_BAL_MC,SAS-MOSTLY_NEG-DIFF,SAS-ONLY_NEG-DIFF,DISENGAGED,SAS-ONLY_BAL,SAS-ONLY_BAL,SAS-ONLY_BAL
219,DISENGAGED,SAS-MOSTLY_NEG-DIFF,DISENGAGED,SAS-ONLY_BAL,A_POS-DIFF,SAS-ONLY_BAL,SAS-ONLY_BAL,SAS-ONLY_NEG-DIFF,DISENGAGED,SAS-ONLY_BAL,SAS-ONLY_BAL,A_POS-DIFF
220,MA_ALL-ACT_BAL,SAS-MOSTLY_NEG-DIFF,SAS-MOSTLY_NEG-DIFF,SAS-ONLY_NEG-DIFF,A_POS-DIFF,SAS-ONLY_BAL,SAS-MOSTLY_NEG-DIFF,A_NEG-DIFF,MA_ALL-ACT_BAL,A_NEG-DIFF,MA_ALL-ACT_BAL,A_POS-DIFF
222,SAS-ONLY_BAL,A_NEG-DIFF,SAS-MOSTLY_NEG-DIFF,SAS-ONLY_BAL,A_POS-DIFF,SAS-ONLY_BAL,SAS-MOSTLY_NEG-DIFF,SAS-ONLY_NEG-DIFF,MA_ALL-ACT_BAL,SAS-ONLY_NEG-DIFF,SAS-ONLY_NEG-DIFF,A_POS-DIFF
223,MA_ALL-ACT_BAL,SAS-ONLY_NEG-DIFF,A_NEG-DIFF,MA_ALL-ACT_BAL,A_POS-DIFF,A_NEG-DIFF,SAS-ONLY_NEG-DIFF,SAS-ONLY_NEG-DIFF,DISENGAGED,SAS-ONLY_NEG-DIFF,SAS-ONLY_NEG-DIFF,A_POS-DIFF
224,DISENGAGED,DISENGAGED,SAS-MOSTLY_NEG-DIFF,SAS-ONLY_BAL,A_POS-DIFF,SAS-ONLY_BAL,NA,SAS-ONLY_NEG-DIFF,DISENGAGED,SAS-ONLY_NEG-DIFF,SAS-ONLY_NEG-DIFF,A_POS-DIFF
226,SAS-ONLY_BAL,A_NEG-DIFF,HA_BAL_MC,MA_ALL-ACT_BAL,HA_BAL,A_NEG-DIFF,MA_ALL-ACT_BAL,A_NEG-DIFF,MA_ALL-ACT_BAL,A_NEG-DIFF,MA_ALL-ACT_BAL,A_POS-DIFF
227,MA_ALL-ACT_BAL,SAS-MOSTLY_NEG-DIFF,A_NEG-DIFF,MA_ALL-ACT_BAL,A_POS-DIFF,SAS-ONLY_BAL,SAS-MOSTLY_NEG-DIFF,SAS-ONLY_NEG-DIFF,MA_ALL-ACT_BAL,SAS-ONLY_NEG-DIFF,SAS-ONLY_BAL,A_POS-DIFF
228,A_POS-DIFF,HA_NEG-DIFF_MC,HA_BAL_MC,MA_ALL-ACT_BAL,A_POS-DIFF,A_NEG-DIFF,MA_ALL-ACT_BAL,A_NEG-DIFF,MA_ALL-ACT_BAL,SAS-ONLY_NEG-DIFF,SAS-ONLY_NEG-DIFF,A_POS-DIFF
229,A_POS-DIFF,A_NEG-DIFF,A_NEG-DIFF,MA_ALL-ACT_BAL,DISENGAGED,SAS-ONLY_BAL,SAS-ONLY_NEG-DIFF,SAS-ONLY_NEG-DIFF,SAS-ONLY_NEG-DIFF,SAS-ONLY_NEG-DIFF,SAS-ONLY_NEG-DIFF,A_POS-DIFF
230,MA_ALL-ACT_BAL,SAS-MOSTLY_NEG-DIFF,SAS-ONLY_NEG-DIFF,SAS-ONLY_BAL,DISENGAGED,SAS-ONLY_BAL,SAS-ONLY_NEG-DIFF,SAS-ONLY_NEG-DIFF,DISENGAGED,SAS-ONLY_NEG-DIFF,MA_ALL-ACT_BAL,A_POS-DIFF
232,MA_ALL-ACT_BAL,A_NEG-DIFF,A_NEG-DIFF,SAS-ONLY_NEG-DIFF,A_POS-DIFF,A_NEG-DIFF,SAS-ONLY_NEG-DIFF,SAS-ONLY_NEG-DIFF,SAS-ONLY_NEG-DIFF,SAS-ONLY_NEG-DIFF,SAS-ONLY_NEG-DIFF,SAS-ONLY_BAL
234,MA_ALL-ACT_BAL,A_NEG-DIFF,SAS-ONLY_NEG-DIFF,SAS-ONLY_NEG-DIFF,A_POS-DIFF,SAS-ONLY_BAL,SAS-ONLY_NEG-DIFF,SAS-ONLY_NEG-DIFF,SAS-ONLY_NEG-DIFF,SAS-ONLY_NEG-DIFF,SAS-ONLY_NEG-DIFF,A_POS-DIFF
235,MA_ALL-ACT_BAL,SAS-MOSTLY_NEG-DIFF,NA,MA_ALL-ACT_BAL,A_POS-DIFF,A_NEG-DIFF,SAS-ONLY_NEG-DIFF,SAS-ONLY_NEG-DIFF,MA_ALL-ACT_BAL,SAS-ONLY_NEG-DIFF,SAS-ONLY_NEG-DIFF,A_POS-DIFF
236,MA_ALL-ACT_BAL,SAS-ONLY_NEG-DIFF,SAS-ONLY_NEG-DIFF,SAS-ONLY_NEG-DIFF,A_POS-DIFF,SAS-ONLY_NEG-DIFF,SAS-ONLY_NEG-DIFF,SAS-ONLY_NEG-DIFF,SAS-ONLY_NEG-DIFF,SAS-ONLY_NEG-DIFF,SAS-ONLY_NEG-DIFF,SAS-ONLY_BAL
237,MA_ALL-ACT_BAL,A_NEG-DIFF,A_NEG-DIFF,SAS-ONLY_NEG-DIFF,DISENGAGED,SAS-ONLY_NEG-DIFF,SAS-ONLY_NEG-DIFF,SAS-ONLY_NEG-DIFF,SAS-ONLY_NEG-DIFF,SAS-ONLY_NEG-DIFF,SAS-ONLY_NEG-DIFF,A_POS-DIFF
239,MA_ALL-ACT_BAL,A_NEG-DIFF,SAS-MOSTLY_NEG-DIFF,SAS-ONLY_BAL,A_POS-DIFF,SAS-ONLY_BAL,SAS-ONLY_NEG-DIFF,SAS-ONLY_NEG-DIFF,SAS-ONLY_NEG-DIFF,SAS-ONLY_NEG-DIFF,SAS-ONLY_NEG-DIFF,SAS-ONLY_BAL
240,A_POS-DIFF,HA_NEG-DIFF_MC,HA_BAL_MC,MA_ALL-ACT_BAL,A_POS-DIFF,SAS-ONLY_BAL,MA_ALL-ACT_BAL,SAS-ONLY_NEG-DIFF,DISENGAGED,A_NEG-DIFF,MA_ALL-ACT_BAL,A_POS-DIFF
241,A_POS-DIFF,HA_NEG-DIFF_MC,HA_BAL_MC,MA_ALL-ACT_BAL,A_POS-DIFF,SAS-ONLY_BAL,SAS-MOSTLY_NEG-DIFF,HA_NEG-DIFF_MC,MA_ALL-ACT_BAL,A_NEG-DIFF,MA_ALL-ACT_BAL,A_POS-DIFF
242,MA_ALL-ACT_BAL,A_NEG-DIFF,HA_BAL_MC,MA_ALL-ACT_BAL,HA_BAL_MC,SAS-ONLY_BAL,SAS-MOSTLY_NEG-DIFF,A_NEG-DIFF,SAS-ONLY_NEG-DIFF,A_NEG-DIFF,SAS-ONLY_BAL,A_POS-DIFF
243,SAS-ONLY_BAL,SAS-ONLY_NEG-DIFF,SAS-MOSTLY_NEG-DIFF,SAS-ONLY_BAL,A_POS-DIFF,SAS-ONLY_BAL,SAS-ONLY_NEG-DIFF,SAS-ONLY_NEG-DIFF,SAS-ONLY_NEG-DIFF,SAS-ONLY_NEG-DIFF,SAS-ONLY_NEG-DIFF,SAS-ONLY_BAL
244,DISENGAGED,A_NEG-DIFF,DISENGAGED,SAS-ONLY_BAL,DISENGAGED,SAS-ONLY_BAL,SAS-ONLY_NEG-DIFF,NA,MA_ALL-ACT_BAL,A_NEG-DIFF,NA,SAS-ONLY_BAL
245,NA,A_NEG-DIFF,SAS-ONLY_NEG-DIFF,SAS-ONLY_BAL,A_POS-DIFF,SAS-ONLY_NEG-DIFF,SAS-ONLY_NEG-DIFF,SAS-ONLY_NEG-DIFF,SAS-ONLY_NEG-DIFF,SAS-ONLY_NEG-DIFF,SAS-ONLY_NEG-DIFF,A_POS-DIFF
247,A_POS-DIFF,A_NEG-DIFF,HA_BAL_MC,HA_NEG-DIFF_MC,HA_BAL_MC,A_NEG-DIFF,MA_ALL-ACT_BAL,HA_NEG-DIFF_MC,MA_ALL-ACT_BAL,A_NEG-DIFF,MA_ALL-ACT_BAL,A_POS-DIFF
248,SAS-ONLY_BAL,A_NEG-DIFF,A_NEG-DIFF,SAS-ONLY_BAL,A_POS-DIFF,MA_MANY-ACT_BAL_MC,SAS-MOSTLY_NEG-DIFF,A_NEG-DIFF,DISENGAGED,SAS-ONLY_BAL,SAS-ONLY_BAL,A_POS-DIFF
249,A_POS-DIFF,SAS-MOSTLY_NEG-DIFF,SAS-ONLY_NEG-DIFF,SAS-ONLY_BAL,A_POS-DIFF,SAS-ONLY_BAL,SAS-MOSTLY_NEG-DIFF,NA,DISENGAGED,A_NEG-DIFF,SAS-ONLY_BAL,SAS-ONLY_BAL
252,SAS-ONLY_BAL,A_NEG-DIFF,SAS-MOSTLY_NEG-DIFF,SAS-ONLY_BAL,DISENGAGED,SAS-ONLY_BAL,SAS-ONLY_BAL,SAS-ONLY_NEG-DIFF,SAS-ONLY_NEG-DIFF,SAS-ONLY_BAL,SAS-ONLY_NEG-DIFF,SAS-ONLY_BAL
254,NA,DISENGAGED,SAS-ONLY_NEG-DIFF,SAS-ONLY_BAL,DISENGAGED,SAS-ONLY_BAL,SAS-ONLY_BAL,SAS-ONLY_NEG-DIFF,DISENGAGED,SAS-ONLY_BAL,SAS-ONLY_BAL,SAS-ONLY_BAL
256,NA,DISENGAGED,DISENGAGED,SAS-ONLY_BAL,A_POS-DIFF,SAS-ONLY_BAL,SAS-ONLY_BAL,SAS-ONLY_NEG-DIFF,NA,NA,SAS-ONLY_BAL,SAS-ONLY_BAL
257,MA_ALL-ACT_BAL,A_NEG-DIFF,A_NEG-DIFF,MA_ALL-ACT_BAL,A_POS-DIFF,A_NEG-DIFF,MA_ALL-ACT_BAL,A_NEG-DIFF,DISENGAGED,A_NEG-DIFF,SAS-ONLY_NEG-DIFF,A_POS-DIFF
258,DISENGAGED,DISENGAGED,DISENGAGED,SAS-ONLY_BAL,A_POS-DIFF,SAS-ONLY_BAL,SAS-ONLY_BAL,SAS-ONLY_NEG-DIFF,DISENGAGED,SAS-ONLY_NEG-DIFF,SAS-ONLY_NEG-DIFF,SAS-ONLY_BAL
259,MA_ALL-ACT_BAL,DISENGAGED,SAS-MOSTLY_NEG-DIFF,MA_ALL-ACT_BAL,DISENGAGED,SAS-ONLY_BAL,MA_ALL-ACT_BAL,SAS-ONLY_NEG-DIFF,SAS-ONLY_NEG-DIFF,SAS-ONLY_BAL,SAS-ONLY_NEG-DIFF,A_POS-DIFF
260,SAS-ONLY_BAL,DISENGAGED,NA,SAS-ONLY_BAL,A_POS-DIFF,SAS-ONLY_BAL,SAS-ONLY_NEG-DIFF,SAS-ONLY_NEG-DIFF,DISENGAGED,NA,NA,SAS-ONLY_BAL
261,SAS-ONLY_BAL,SAS-ONLY_NEG-DIFF,A_NEG-DIFF,SAS-ONLY_BAL,HA_BAL,SAS-ONLY_BAL,SAS-MOSTLY_NEG-DIFF,SAS-ONLY_NEG-DIFF,NA,SAS-ONLY_BAL,SAS-ONLY_NEG-DIFF,A_POS-DIFF
262,A_POS-DIFF,A_NEG-DIFF,A_NEG-DIFF,MA_ALL-ACT_BAL,DISENGAGED,SAS-ONLY_BAL,SAS-MOSTLY_NEG-DIFF,SAS-ONLY_NEG-DIFF,DISENGAGED,SAS-ONLY_NEG-DIFF,SAS-ONLY_BAL,SAS-ONLY_BAL
263,A_POS-DIFF,A_NEG-DIFF,HA_BAL_MC,MA_ALL-ACT_BAL,MA_MANY-ACT_BAL_MC,SAS-ONLY_BAL,SAS-MOSTLY_NEG-DIFF,HA_NEG-DIFF_MC,SAS-ONLY_NEG-DIFF,SAS-ONLY_NEG-DIFF,MA_ALL-ACT_BAL,A_POS-DIFF
266,SAS-ONLY_BAL,A_NEG-DIFF,A_NEG-DIFF,HA_NEG-DIFF_MC,HA_BAL_MC,A_NEG-DIFF,MA_ALL-ACT_BAL,SAS-ONLY_NEG-DIFF,HA_NEG-DIFF_MC,SAS-ONLY_NEG-DIFF,MA_ALL-ACT_BAL,A_POS-DIFF
267,MA_ALL-ACT_BAL,SAS-ONLY_NEG-DIFF,DISENGAGED,SAS-ONLY_NEG-DIFF,A_POS-DIFF,SAS-ONLY_NEG-DIFF,SAS-ONLY_NEG-DIFF,SAS-ONLY_NEG-DIFF,NA,SAS-ONLY_NEG-DIFF,SAS-ONLY_NEG-DIFF,A_POS-DIFF
268,SAS-ONLY_BAL,HA_NEG-DIFF_MC,DISENGAGED,NA,DISENGAGED,SAS-ONLY_BAL,SAS-ONLY_BAL,NA,NA,SAS-ONLY_BAL,SAS-ONLY_BAL,SAS-ONLY_BAL
269,A_POS-DIFF,HA_NEG-DIFF_MC,HA_BAL_MC,SAS-ONLY_NEG-DIFF,A_POS-DIFF,SAS-ONLY_NEG-DIFF,SAS-MOSTLY_NEG-DIFF,SAS-ONLY_NEG-DIFF,SAS-ONLY_NEG-DIFF,SAS-ONLY_NEG-DIFF,SAS-ONLY_NEG-DIFF,A_POS-DIFF
272,SAS-ONLY_BAL,SAS-MOSTLY_NEG-DIFF,A_NEG-DIFF,SAS-ONLY_NEG-DIFF,HA_BAL,SAS-ONLY_NEG-DIFF,MA_ALL-ACT_BAL,SAS-ONLY_NEG-DIFF,SAS-ONLY_NEG-DIFF,SAS-ONLY_NEG-DIFF,SAS-ONLY_NEG-DIFF,A_POS-DIFF
274,MA_ALL-ACT_BAL,A_NEG-DIFF,SAS-MOSTLY_NEG-DIFF,MA_ALL-ACT_BAL,A_POS-DIFF,SAS-ONLY_BAL,SAS-MOSTLY_NEG-DIFF,SAS-ONLY_NEG-DIFF,DISENGAGED,SAS-ONLY_BAL,SAS-ONLY_BAL,A_POS-DIFF
275,A_POS-DIFF,SAS-MOSTLY_NEG-DIFF,SAS-ONLY_NEG-DIFF,MA_ALL-ACT_BAL,A_POS-DIFF,SAS-ONLY_BAL,SAS-ONLY_NEG-DIFF,SAS-ONLY_NEG-DIFF,SAS-ONLY_NEG-DIFF,SAS-ONLY_BAL,SAS-ONLY_NEG-DIFF,SAS-ONLY_BAL
281,DISENGAGED,A_NEG-DIFF,SAS-ONLY_NEG-DIFF,SAS-ONLY_NEG-DIFF,A_POS-DIFF,SAS-ONLY_NEG-DIFF,SAS-ONLY_NEG-DIFF,SAS-ONLY_NEG-DIFF,SAS-ONLY_NEG-DIFF,A_NEG-DIFF,SAS-ONLY_NEG-DIFF,SAS-ONLY_BAL
282,MA_ALL-ACT_BAL,HA_NEG-DIFF_MC,A_NEG-DIFF,MA_ALL-ACT_BAL,A_POS-DIFF,A_NEG-DIFF,SAS-ONLY_BAL,HA_NEG-DIFF_MC,MA_ALL-ACT_BAL,A_NEG-DIFF,MA_ALL-ACT_BAL,A_POS-DIFF
283,NA,DISENGAGED,A_NEG-DIFF,MA_ALL-ACT_BAL,HA_BAL_MC,SAS-ONLY_BAL,MA_ALL-ACT_BAL,A_NEG-DIFF,SAS-ONLY_NEG-DIFF,SAS-ONLY_NEG-DIFF,SAS-ONLY_NEG-DIFF,A_POS-DIFF
285,MA_ALL-ACT_BAL,SAS-MOSTLY_NEG-DIFF,A_NEG-DIFF,SAS-ONLY_NEG-DIFF,DISENGAGED,SAS-ONLY_BAL,SAS-MOSTLY_NEG-DIFF,SAS-ONLY_NEG-DIFF,SAS-ONLY_NEG-DIFF,SAS-ONLY_NEG-DIFF,SAS-ONLY_NEG-DIFF,A_POS-DIFF
287,A_POS-DIFF,A_NEG-DIFF,SAS-MOSTLY_NEG-DIFF,SAS-ONLY_NEG-DIFF,A_POS-DIFF,SAS-ONLY_NEG-DIFF,SAS-ONLY_NEG-DIFF,A_NEG-DIFF,SAS-ONLY_NEG-DIFF,SAS-ONLY_NEG-DIFF,SAS-ONLY_BAL,A_POS-DIFF
288,SAS-ONLY_BAL,SAS-MOSTLY_NEG-DIFF,A_NEG-DIFF,MA_ALL-ACT_BAL,DISENGAGED,SAS-ONLY_BAL,MA_ALL-ACT_BAL,SAS-ONLY_NEG-DIFF,DISENGAGED,SAS-ONLY_BAL,SAS-ONLY_BAL,SAS-ONLY_BAL
289,MA_ALL-ACT_BAL,A_NEG-DIFF,SAS-MOSTLY_NEG-DIFF,MA_ALL-ACT_BAL,A_POS-DIFF,A_NEG-DIFF,SAS-MOSTLY_NEG-DIFF,SAS-ONLY_NEG-DIFF,SAS-ONLY_NEG-DIFF,SAS-ONLY_NEG-DIFF,SAS-ONLY_BAL,A_POS-DIFF
290,SAS-ONLY_BAL,DISENGAGED,DISENGAGED,SAS-ONLY_BAL,DISENGAGED,NA,SAS-ONLY_BAL,SAS-ONLY_NEG-DIFF,NA,SAS-ONLY_NEG-DIFF,SAS-ONLY_BAL,SAS-ONLY_BAL
291,A_POS-DIFF,HA_NEG-DIFF_MC,A_NEG-DIFF,HA_NEG-DIFF_MC,A_POS-DIFF,A_NEG-DIFF,SAS-ONLY_NEG-DIFF,A_NEG-DIFF,SAS-ONLY_NEG-DIFF,SAS-ONLY_NEG-DIFF,SAS-ONLY_BAL,A_POS-DIFF
292,MA_ALL-ACT_BAL,SAS-MOSTLY_NEG-DIFF,SAS-MOSTLY_NEG-DIFF,SAS-ONLY_NEG-DIFF,A_POS-DIFF,SAS-ONLY_BAL,SAS-MOSTLY_NEG-DIFF,A_NEG-DIFF,SAS-ONLY_NEG-DIFF,SAS-ONLY_NEG-DIFF,SAS-ONLY_NEG-DIFF,A_POS-DIFF
295,DISENGAGED,DISENGAGED,SAS-MOSTLY_NEG-DIFF,SAS-ONLY_BAL,DISENGAGED,SAS-ONLY_BAL,SAS-MOSTLY_NEG-DIFF,NA,DISENGAGED,SAS-ONLY_NEG-DIFF,SAS-ONLY_BAL,SAS-ONLY_BAL
296,MA_ALL-ACT_BAL,SAS-ONLY_NEG-DIFF,SAS-ONLY_NEG-DIFF,SAS-ONLY_NEG-DIFF,MA_MANY-ACT_BAL_MC,SAS-ONLY_BAL,SAS-ONLY_NEG-DIFF,SAS-ONLY_NEG-DIFF,SAS-ONLY_NEG-DIFF,SAS-ONLY_NEG-DIFF,SAS-ONLY_NEG-DIFF,SAS-ONLY_BAL
298,SAS-ONLY_BAL,SAS-MOSTLY_NEG-DIFF,SAS-ONLY_NEG-DIFF,SAS-ONLY_NEG-DIFF,A_POS-DIFF,SAS-ONLY_NEG-DIFF,SAS-ONLY_NEG-DIFF,SAS-ONLY_NEG-DIFF,SAS-ONLY_NEG-DIFF,SAS-ONLY_NEG-DIFF,SAS-ONLY_NEG-DIFF,A_POS-DIFF
299,DISENGAGED,SAS-MOSTLY_NEG-DIFF,DISENGAGED,SAS-ONLY_BAL,DISENGAGED,SAS-ONLY_BAL,NA,SAS-ONLY_NEG-DIFF,SAS-ONLY_NEG-DIFF,SAS-ONLY_BAL,SAS-ONLY_BAL,A_POS-DIFF
300,A_POS-DIFF,HA_NEG-DIFF_MC,HA_BAL_MC,HA_NEG-DIFF_MC,A_POS-DIFF,A_NEG-DIFF,MA_ALL-ACT_BAL,HA_NEG-DIFF_MC,MA_ALL-ACT_BAL,A_NEG-DIFF,SAS-ONLY_NEG-DIFF,HA_BAL
301,A_POS-DIFF,SAS-MOSTLY_NEG-DIFF,SAS-ONLY_NEG-DIFF,SAS-ONLY_NEG-DIFF,HA_BAL,SAS-ONLY_BAL,SAS-ONLY_NEG-DIFF,SAS-ONLY_NEG-DIFF,SAS-ONLY_NEG-DIFF,SAS-ONLY_NEG-DIFF,SAS-ONLY_NEG-DIFF,A_POS-DIFF
302,A_POS-DIFF,A_NEG-DIFF,A_NEG-DIFF,SAS-ONLY_NEG-DIFF,MA_MANY-ACT_BAL_MC,A_NEG-DIFF,MA_ALL-ACT_BAL,SAS-ONLY_NEG-DIFF,MA_ALL-ACT_BAL,SAS-ONLY_NEG-DIFF,SAS-ONLY_NEG-DIFF,A_POS-DIFF
303,A_POS-DIFF,DISENGAGED,DISENGAGED,SAS-ONLY_NEG-DIFF,DISENGAGED,SAS-ONLY_BAL,SAS-MOSTLY_NEG-DIFF,NA,DISENGAGED,SAS-ONLY_NEG-DIFF,NA,SAS-ONLY_BAL
304,SAS-ONLY_BAL,A_NEG-DIFF,SAS-MOSTLY_NEG-DIFF,MA_ALL-ACT_BAL,A_POS-DIFF,A_NEG-DIFF,MA_ALL-ACT_BAL,SAS-ONLY_NEG-DIFF,SAS-ONLY_NEG-DIFF,SAS-ONLY_NEG-DIFF,MA_ALL-ACT_BAL,HA_BAL
305,A_POS-DIFF,HA_NEG-DIFF_MC,SAS-ONLY_NEG-DIFF,HA_NEG-DIFF_MC,HA_BAL_MC,MA_MANY-ACT_BAL_MC,SAS-MOSTLY_NEG-DIFF,SAS-ONLY_NEG-DIFF,SAS-ONLY_NEG-DIFF,A_NEG-DIFF,MA_ALL-ACT_BAL,A_POS-DIFF
306,MA_ALL-ACT_BAL,HA_NEG-DIFF_MC,HA_BAL_MC,MA_ALL-ACT_BAL,HA_BAL,SAS-ONLY_NEG-DIFF,SAS-MOSTLY_NEG-DIFF,SAS-ONLY_NEG-DIFF,SAS-ONLY_NEG-DIFF,A_NEG-DIFF,SAS-ONLY_NEG-DIFF,A_POS-DIFF
308,A_POS-DIFF,A_NEG-DIFF,SAS-ONLY_NEG-DIFF,SAS-ONLY_NEG-DIFF,DISENGAGED,SAS-ONLY_BAL,SAS-MOSTLY_NEG-DIFF,SAS-ONLY_NEG-DIFF,SAS-ONLY_NEG-DIFF,SAS-ONLY_BAL,SAS-ONLY_NEG-DIFF,A_POS-DIFF
310,A_POS-DIFF,A_NEG-DIFF,SAS-MOSTLY_NEG-DIFF,MA_ALL-ACT_BAL,A_POS-DIFF,MA_MANY-ACT_BAL_MC,MA_ALL-ACT_BAL,SAS-ONLY_NEG-DIFF,MA_ALL-ACT_BAL,A_NEG-DIFF,MA_ALL-ACT_BAL,A_POS-DIFF
311,A_POS-DIFF,A_NEG-DIFF,A_NEG-DIFF,MA_ALL-ACT_BAL,A_POS-DIFF,A_NEG-DIFF,SAS-MOSTLY_NEG-DIFF,A_NEG-DIFF,SAS-ONLY_NEG-DIFF,SAS-ONLY_NEG-DIFF,SAS-ONLY_NEG-DIFF,A_POS-DIFF
312,MA_ALL-ACT_BAL,SAS-MOSTLY_NEG-DIFF,DISENGAGED,SAS-ONLY_BAL,MA_MANY-ACT_BAL_MC,SAS-ONLY_BAL,SAS-ONLY_BAL,SAS-ONLY_NEG-DIFF,SAS-ONLY_NEG-DIFF,SAS-ONLY_BAL,SAS-ONLY_BAL,SAS-ONLY_BAL
313,A_POS-DIFF,A_NEG-DIFF,A_NEG-DIFF,MA_ALL-ACT_BAL,A_POS-DIFF,SAS-ONLY_BAL,SAS-MOSTLY_NEG-DIFF,SAS-ONLY_NEG-DIFF,DISENGAGED,SAS-ONLY_BAL,SAS-ONLY_BAL,A_POS-DIFF
314,MA_ALL-ACT_BAL,SAS-ONLY_NEG-DIFF,SAS-MOSTLY_NEG-DIFF,SAS-ONLY_NEG-DIFF,HA_BAL,MA_MANY-ACT_BAL_MC,SAS-ONLY_NEG-DIFF,SAS-ONLY_NEG-DIFF,SAS-ONLY_NEG-DIFF,SAS-ONLY_NEG-DIFF,SAS-ONLY_NEG-DIFF,A_POS-DIFF
316,MA_ALL-ACT_BAL,A_NEG-DIFF,A_NEG-DIFF,MA_ALL-ACT_BAL,HA_BAL,SAS-ONLY_NEG-DIFF,SAS-ONLY_NEG-DIFF,SAS-ONLY_NEG-DIFF,DISENGAGED,SAS-ONLY_NEG-DIFF,SAS-ONLY_NEG-DIFF,A_POS-DIFF
317,A_POS-DIFF,A_NEG-DIFF,A_NEG-DIFF,MA_ALL-ACT_BAL,HA_BAL,SAS-ONLY_NEG-DIFF,SAS-MOSTLY_NEG-DIFF,SAS-ONLY_NEG-DIFF,SAS-ONLY_NEG-DIFF,SAS-ONLY_NEG-DIFF,SAS-ONLY_NEG-DIFF,HA_BAL
319,SAS-ONLY_BAL,A_NEG-DIFF,SAS-MOSTLY_NEG-DIFF,MA_ALL-ACT_BAL,A_POS-DIFF,SAS-ONLY_BAL,SAS-ONLY_NEG-DIFF,SAS-ONLY_NEG-DIFF,SAS-ONLY_NEG-DIFF,SAS-ONLY_NEG-DIFF,SAS-ONLY_NEG-DIFF,A_POS-DIFF
320,NA,A_NEG-DIFF,A_NEG-DIFF,SAS-ONLY_NEG-DIFF,DISENGAGED,SAS-ONLY_NEG-DIFF,SAS-ONLY_NEG-DIFF,SAS-ONLY_NEG-DIFF,SAS-ONLY_NEG-DIFF,SAS-ONLY_NEG-DIFF,SAS-ONLY_NEG-DIFF,SAS-ONLY_BAL
322,MA_ALL-ACT_BAL,SAS-MOSTLY_NEG-DIFF,SAS-ONLY_NEG-DIFF,SAS-ONLY_NEG-DIFF,DISENGAGED,SAS-ONLY_NEG-DIFF,SAS-ONLY_BAL,SAS-ONLY_NEG-DIFF,SAS-ONLY_NEG-DIFF,SAS-ONLY_NEG-DIFF,SAS-ONLY_NEG-DIFF,HA_BAL
323,SAS-ONLY_BAL,SAS-ONLY_NEG-DIFF,SAS-ONLY_NEG-DIFF,SAS-ONLY_NEG-DIFF,DISENGAGED,SAS-ONLY_BAL,SAS-ONLY_NEG-DIFF,SAS-ONLY_NEG-DIFF,SAS-ONLY_NEG-DIFF,SAS-ONLY_NEG-DIFF,SAS-ONLY_NEG-DIFF,SAS-ONLY_BAL
324,DISENGAGED,A_NEG-DIFF,SAS-ONLY_NEG-DIFF,SAS-ONLY_NEG-DIFF,DISENGAGED,A_NEG-DIFF,MA_ALL-ACT_BAL,A_NEG-DIFF,SAS-ONLY_NEG-DIFF,A_NEG-DIFF,MA_ALL-ACT_BAL,A_POS-DIFF
325,MA_ALL-ACT_BAL,A_NEG-DIFF,A_NEG-DIFF,SAS-ONLY_NEG-DIFF,HA_BAL,SAS-ONLY_BAL,MA_ALL-ACT_BAL,A_NEG-DIFF,MA_ALL-ACT_BAL,SAS-ONLY_NEG-DIFF,SAS-ONLY_NEG-DIFF,HA_BAL
327,NA,DISENGAGED,SAS-ONLY_NEG-DIFF,SAS-ONLY_NEG-DIFF,NA,SAS-ONLY_BAL,SAS-ONLY_NEG-DIFF,SAS-ONLY_NEG-DIFF,SAS-ONLY_NEG-DIFF,SAS-ONLY_NEG-DIFF,SAS-ONLY_NEG-DIFF,A_POS-DIFF
328,SAS-ONLY_BAL,SAS-ONLY_NEG-DIFF,SAS-MOSTLY_NEG-DIFF,SAS-ONLY_NEG-DIFF,A_POS-DIFF,SAS-ONLY_NEG-DIFF,SAS-ONLY_NEG-DIFF,SAS-ONLY_NEG-DIFF,SAS-ONLY_NEG-DIFF,SAS-ONLY_NEG-DIFF,SAS-ONLY_NEG-DIFF,HA_BAL
329,NA,SAS-MOSTLY_NEG-DIFF,SAS-MOSTLY_NEG-DIFF,SAS-ONLY_BAL,A_POS-DIFF,SAS-ONLY_BAL,SAS-ONLY_BAL,SAS-ONLY_NEG-DIFF,DISENGAGED,SAS-ONLY_BAL,MA_ALL-ACT_BAL,A_POS-DIFF
331,MA_ALL-ACT_BAL,SAS-ONLY_NEG-DIFF,SAS-MOSTLY_NEG-DIFF,SAS-ONLY_NEG-DIFF,HA_BAL,SAS-ONLY_NEG-DIFF,SAS-ONLY_BAL,SAS-ONLY_NEG-DIFF,SAS-ONLY_NEG-DIFF,SAS-ONLY_NEG-DIFF,SAS-ONLY_NEG-DIFF,A_POS-DIFF
332,SAS-ONLY_BAL,SAS-MOSTLY_NEG-DIFF,SAS-MOSTLY_NEG-DIFF,SAS-ONLY_BAL,HA_BAL,SAS-ONLY_BAL,SAS-ONLY_NEG-DIFF,SAS-ONLY_NEG-DIFF,SAS-ONLY_NEG-DIFF,SAS-ONLY_NEG-DIFF,SAS-ONLY_NEG-DIFF,SAS-ONLY_BAL
333,A_POS-DIFF,HA_NEG-DIFF_MC,A_NEG-DIFF,MA_ALL-ACT_BAL,HA_BAL_MC,SAS-ONLY_BAL,MA_ALL-ACT_BAL,SAS-ONLY_NEG-DIFF,MA_ALL-ACT_BAL,A_NEG-DIFF,SAS-ONLY_NEG-DIFF,HA_BAL
334,A_POS-DIFF,SAS-ONLY_NEG-DIFF,A_NEG-DIFF,MA_ALL-ACT_BAL,HA_BAL,SAS-ONLY_BAL,SAS-MOSTLY_NEG-DIFF,A_NEG-DIFF,SAS-ONLY_NEG-DIFF,SAS-ONLY_NEG-DIFF,SAS-ONLY_BAL,SAS-ONLY_BAL
337,A_POS-DIFF,SAS-MOSTLY_NEG-DIFF,A_NEG-DIFF,SAS-ONLY_NEG-DIFF,HA_BAL,SAS-ONLY_BAL,SAS-ONLY_NEG-DIFF,A_NEG-DIFF,SAS-ONLY_NEG-DIFF,SAS-ONLY_NEG-DIFF,SAS-ONLY_BAL,HA_BAL
338,A_POS-DIFF,SAS-ONLY_NEG-DIFF,SAS-ONLY_NEG-DIFF,SAS-ONLY_NEG-DIFF,A_POS-DIFF,SAS-ONLY_BAL,SAS-ONLY_BAL,SAS-ONLY_NEG-DIFF,SAS-ONLY_NEG-DIFF,SAS-ONLY_NEG-DIFF,SAS-ONLY_NEG-DIFF,SAS-ONLY_BAL
339,MA_ALL-ACT_BAL,SAS-MOSTLY_NEG-DIFF,SAS-MOSTLY_NEG-DIFF,SAS-ONLY_NEG-DIFF,A_POS-DIFF,SAS-ONLY_BAL,MA_ALL-ACT_BAL,A_NEG-DIFF,SAS-ONLY_NEG-DIFF,SAS-ONLY_NEG-DIFF,MA_ALL-ACT_BAL,SAS-ONLY_BAL
340,DISENGAGED,SAS-MOSTLY_NEG-DIFF,SAS-MOSTLY_NEG-DIFF,HA_NEG-DIFF_MC,DISENGAGED,A_NEG-DIFF,SAS-MOSTLY_NEG-DIFF,A_NEG-DIFF,MA_ALL-ACT_BAL,SAS-ONLY_NEG-DIFF,SAS-ONLY_NEG-DIFF,SAS-ONLY_BAL
342,A_POS-DIFF,HA_NEG-DIFF_MC,A_NEG-DIFF,MA_ALL-ACT_BAL,HA_BAL,SAS-ONLY_NEG-DIFF,SAS-MOSTLY_NEG-DIFF,SAS-ONLY_NEG-DIFF,SAS-ONLY_NEG-DIFF,SAS-ONLY_NEG-DIFF,SAS-ONLY_BAL,HA_BAL
343,A_POS-DIFF,HA_NEG-DIFF_MC,HA_BAL_MC,MA_ALL-ACT_BAL,A_POS-DIFF,A_NEG-DIFF,MA_ALL-ACT_BAL,A_NEG-DIFF,MA_ALL-ACT_BAL,A_NEG-DIFF,MA_ALL-ACT_BAL,HA_BAL
344,DISENGAGED,SAS-MOSTLY_NEG-DIFF,A_NEG-DIFF,SAS-ONLY_NEG-DIFF,A_POS-DIFF,SAS-ONLY_BAL,SAS-ONLY_NEG-DIFF,SAS-ONLY_NEG-DIFF,SAS-ONLY_NEG-DIFF,SAS-ONLY_NEG-DIFF,SAS-ONLY_NEG-DIFF,A_POS-DIFF
345,A_POS-DIFF,A_NEG-DIFF,SAS-MOSTLY_NEG-DIFF,MA_ALL-ACT_BAL,HA_BAL,A_NEG-DIFF,MA_ALL-ACT_BAL,HA_NEG-DIFF_MC,MA_ALL-ACT_BAL,A_NEG-DIFF,MA_ALL-ACT_BAL,HA_BAL
346,MA_ALL-ACT_BAL,A_NEG-DIFF,A_NEG-DIFF,HA_NEG-DIFF_MC,HA_BAL,A_NEG-DIFF,MA_ALL-ACT_BAL,A_NEG-DIFF,MA_ALL-ACT_BAL,A_NEG-DIFF,MA_ALL-ACT_BAL,HA_BAL
347,MA_ALL-ACT_BAL,A_NEG-DIFF,A_NEG-DIFF,MA_ALL-ACT_BAL,HA_BAL,SAS-ONLY_NEG-DIFF,SAS-ONLY_NEG-DIFF,SAS-ONLY_NEG-DIFF,SAS-ONLY_NEG-DIFF,SAS-ONLY_NEG-DIFF,MA_ALL-ACT_BAL,A_POS-DIFF
350,MA_ALL-ACT_BAL,A_NEG-DIFF,A_NEG-DIFF,MA_ALL-ACT_BAL,HA_BAL_MC,SAS-ONLY_BAL,MA_ALL-ACT_BAL,A_NEG-DIFF,MA_ALL-ACT_BAL,SAS-ONLY_NEG-DIFF,MA_ALL-ACT_BAL,SAS-ONLY_BAL
351,MA_ALL-ACT_BAL,A_NEG-DIFF,A_NEG-DIFF,MA_ALL-ACT_BAL,HA_BAL_MC,A_NEG-DIFF,MA_ALL-ACT_BAL,A_NEG-DIFF,MA_ALL-ACT_BAL,A_NEG-DIFF,MA_ALL-ACT_BAL,HA_BAL
352,MA_ALL-ACT_BAL,SAS-MOSTLY_NEG-DIFF,SAS-MOSTLY_NEG-DIFF,SAS-ONLY_NEG-DIFF,A_POS-DIFF,SAS-ONLY_NEG-DIFF,SAS-ONLY_NEG-DIFF,SAS-ONLY_NEG-DIFF,SAS-ONLY_NEG-DIFF,SAS-ONLY_NEG-DIFF,SAS-ONLY_NEG-DIFF,A_POS-DIFF
358,DISENGAGED,DISENGAGED,A_NEG-DIFF,SAS-ONLY_BAL,A_POS-DIFF,SAS-ONLY_BAL,SAS-MOSTLY_NEG-DIFF,A_NEG-DIFF,SAS-ONLY_NEG-DIFF,SAS-ONLY_NEG-DIFF,SAS-ONLY_BAL,A_POS-DIFF
360,SAS-ONLY_BAL,SAS-ONLY_NEG-DIFF,SAS-ONLY_NEG-DIFF,SAS-ONLY_NEG-DIFF,DISENGAGED,SAS-ONLY_NEG-DIFF,SAS-ONLY_NEG-DIFF,SAS-ONLY_NEG-DIFF,SAS-ONLY_NEG-DIFF,SAS-ONLY_NEG-DIFF,SAS-ONLY_NEG-DIFF,SAS-ONLY_BAL
362,MA_ALL-ACT_BAL,SAS-MOSTLY_NEG-DIFF,A_NEG-DIFF,MA_ALL-ACT_BAL,HA_BAL_MC,SAS-ONLY_BAL,MA_ALL-ACT_BAL,A_NEG-DIFF,SAS-ONLY_NEG-DIFF,A_NEG-DIFF,MA_ALL-ACT_BAL,HA_BAL
366,MA_ALL-ACT_BAL,SAS-MOSTLY_NEG-DIFF,SAS-MOSTLY_NEG-DIFF,MA_ALL-ACT_BAL,DISENGAGED,SAS-ONLY_BAL,SAS-MOSTLY_NEG-DIFF,A_NEG-DIFF,SAS-ONLY_NEG-DIFF,SAS-ONLY_BAL,SAS-ONLY_BAL,A_POS-DIFF
370,SAS-ONLY_BAL,SAS-ONLY_NEG-DIFF,SAS-ONLY_NEG-DIFF,SAS-ONLY_NEG-DIFF,A_POS-DIFF,SAS-ONLY_BAL,SAS-MOSTLY_NEG-DIFF,SAS-ONLY_NEG-DIFF,MA_ALL-ACT_BAL,SAS-ONLY_NEG-DIFF,SAS-ONLY_NEG-DIFF,SAS-ONLY_BAL
371,SAS-ONLY_BAL,SAS-MOSTLY_NEG-DIFF,NA,MA_ALL-ACT_BAL,A_POS-DIFF,SAS-ONLY_BAL,SAS-ONLY_NEG-DIFF,SAS-ONLY_NEG-DIFF,SAS-ONLY_NEG-DIFF,SAS-ONLY_NEG-DIFF,SAS-ONLY_BAL,SAS-ONLY_BAL
372,MA_ALL-ACT_BAL,SAS-MOSTLY_NEG-DIFF,SAS-MOSTLY_NEG-DIFF,SAS-ONLY_NEG-DIFF,HA_BAL_MC,SAS-ONLY_BAL,SAS-ONLY_NEG-DIFF,SAS-ONLY_NEG-DIFF,SAS-ONLY_NEG-DIFF,SAS-ONLY_NEG-DIFF,SAS-ONLY_NEG-DIFF,A_POS-DIFF
373,A_POS-DIFF,SAS-MOSTLY_NEG-DIFF,A_NEG-DIFF,SAS-ONLY_NEG-DIFF,A_POS-DIFF,SAS-ONLY_BAL,SAS-MOSTLY_NEG-DIFF,A_NEG-DIFF,MA_ALL-ACT_BAL,SAS-ONLY_NEG-DIFF,SAS-ONLY_NEG-DIFF,A_POS-DIFF
374,A_POS-DIFF,SAS-MOSTLY_NEG-DIFF,A_NEG-DIFF,MA_ALL-ACT_BAL,A_POS-DIFF,SAS-ONLY_NEG-DIFF,SAS-ONLY_NEG-DIFF,SAS-ONLY_NEG-DIFF,DISENGAGED,SAS-ONLY_NEG-DIFF,SAS-ONLY_NEG-DIFF,HA_BAL
375,DISENGAGED,SAS-MOSTLY_NEG-DIFF,A_NEG-DIFF,MA_ALL-ACT_BAL,A_POS-DIFF,SAS-ONLY_NEG-DIFF,SAS-MOSTLY_NEG-DIFF,A_NEG-DIFF,MA_ALL-ACT_BAL,A_NEG-DIFF,SAS-ONLY_BAL,SAS-ONLY_BAL
378,A_POS-DIFF,A_NEG-DIFF,HA_BAL_MC,MA_ALL-ACT_BAL,HA_BAL_MC,SAS-ONLY_BAL,MA_ALL-ACT_BAL,HA_NEG-DIFF_MC,HA_NEG-DIFF_MC,A_NEG-DIFF,SAS-ONLY_NEG-DIFF,HA_BAL
379,DISENGAGED,DISENGAGED,DISENGAGED,SAS-ONLY_NEG-DIFF,DISENGAGED,SAS-ONLY_NEG-DIFF,SAS-ONLY_NEG-DIFF,SAS-ONLY_NEG-DIFF,MA_ALL-ACT_BAL,A_NEG-DIFF,MA_ALL-ACT_BAL,A_POS-DIFF
380,A_POS-DIFF,A_NEG-DIFF,SAS-MOSTLY_NEG-DIFF,SAS-ONLY_NEG-DIFF,A_POS-DIFF,SAS-ONLY_BAL,SAS-ONLY_NEG-DIFF,SAS-ONLY_NEG-DIFF,SAS-ONLY_NEG-DIFF,SAS-ONLY_NEG-DIFF,SAS-ONLY_NEG-DIFF,A_POS-DIFF
381,SAS-ONLY_BAL,DISENGAGED,SAS-ONLY_NEG-DIFF,SAS-ONLY_BAL,A_POS-DIFF,SAS-ONLY_BAL,SAS-ONLY_NEG-DIFF,SAS-ONLY_NEG-DIFF,SAS-ONLY_NEG-DIFF,SAS-ONLY_NEG-DIFF,SAS-ONLY_NEG-DIFF,SAS-ONLY_BAL
382,MA_ALL-ACT_BAL,A_NEG-DIFF,A_NEG-DIFF,SAS-ONLY_NEG-DIFF,DISENGAGED,SAS-ONLY_BAL,SAS-ONLY_BAL,SAS-ONLY_NEG-DIFF,NA,A_NEG-DIFF,MA_ALL-ACT_BAL,A_POS-DIFF
383,A_POS-DIFF,HA_NEG-DIFF_MC,HA_BAL_MC,MA_ALL-ACT_BAL,A_POS-DIFF,A_NEG-DIFF,MA_ALL-ACT_BAL,HA_NEG-DIFF_MC,MA_ALL-ACT_BAL,A_NEG-DIFF,MA_ALL-ACT_BAL,A_POS-DIFF
384,A_POS-DIFF,A_NEG-DIFF,A_NEG-DIFF,SAS-ONLY_NEG-DIFF,HA_BAL_MC,SAS-ONLY_NEG-DIFF,SAS-ONLY_NEG-DIFF,SAS-ONLY_NEG-DIFF,SAS-ONLY_NEG-DIFF,SAS-ONLY_NEG-DIFF,SAS-ONLY_BAL,A_POS-DIFF
386,A_POS-DIFF,A_NEG-DIFF,SAS-ONLY_NEG-DIFF,SAS-ONLY_BAL,DISENGAGED,SAS-ONLY_BAL,SAS-ONLY_NEG-DIFF,SAS-ONLY_NEG-DIFF,SAS-ONLY_NEG-DIFF,SAS-ONLY_NEG-DIFF,SAS-ONLY_NEG-DIFF,NA
387,A_POS-DIFF,HA_NEG-DIFF_MC,A_NEG-DIFF,HA_NEG-DIFF_MC,DISENGAGED,A_NEG-DIFF,MA_ALL-ACT_BAL,A_NEG-DIFF,HA_NEG-DIFF_MC,A_NEG-DIFF,NA,SAS-ONLY_BAL
388,DISENGAGED,SAS-MOSTLY_NEG-DIFF,SAS-ONLY_NEG-DIFF,MA_ALL-ACT_BAL,A_POS-DIFF,SAS-ONLY_BAL,SAS-ONLY_NEG-DIFF,SAS-ONLY_NEG-DIFF,SAS-ONLY_NEG-DIFF,SAS-ONLY_NEG-DIFF,SAS-ONLY_NEG-DIFF,SAS-ONLY_BAL
390,MA_ALL-ACT_BAL,SAS-MOSTLY_NEG-DIFF,SAS-ONLY_NEG-DIFF,SAS-ONLY_NEG-DIFF,A_POS-DIFF,SAS-ONLY_BAL,SAS-ONLY_NEG-DIFF,SAS-ONLY_NEG-DIFF,DISENGAGED,SAS-ONLY_NEG-DIFF,SAS-ONLY_NEG-DIFF,SAS-ONLY_BAL
391,DISENGAGED,HA_NEG-DIFF_MC,SAS-MOSTLY_NEG-DIFF,SAS-ONLY_NEG-DIFF,A_POS-DIFF,SAS-ONLY_BAL,SAS-ONLY_NEG-DIFF,SAS-ONLY_NEG-DIFF,DISENGAGED,SAS-ONLY_NEG-DIFF,SAS-ONLY_BAL,A_POS-DIFF
392,SAS-ONLY_BAL,SAS-MOSTLY_NEG-DIFF,SAS-MOSTLY_NEG-DIFF,SAS-ONLY_BAL,HA_BAL_MC,SAS-ONLY_BAL,SAS-ONLY_BAL,SAS-ONLY_NEG-DIFF,DISENGAGED,SAS-ONLY_BAL,SAS-ONLY_BAL,SAS-ONLY_BAL
394,SAS-ONLY_BAL,SAS-ONLY_NEG-DIFF,SAS-ONLY_NEG-DIFF,MA_ALL-ACT_BAL,A_POS-DIFF,SAS-ONLY_BAL,SAS-ONLY_NEG-DIFF,SAS-ONLY_NEG-DIFF,SAS-ONLY_NEG-DIFF,SAS-ONLY_NEG-DIFF,SAS-ONLY_NEG-DIFF,SAS-ONLY_BAL
396,DISENGAGED,NA,SAS-ONLY_NEG-DIFF,SAS-ONLY_BAL,A_POS-DIFF,SAS-ONLY_BAL,SAS-ONLY_BAL,SAS-ONLY_NEG-DIFF,DISENGAGED,SAS-ONLY_BAL,SAS-ONLY_BAL,SAS-ONLY_BAL
398,MA_ALL-ACT_BAL,A_NEG-DIFF,A_NEG-DIFF,SAS-ONLY_NEG-DIFF,A_POS-DIFF,SAS-ONLY_BAL,MA_ALL-ACT_BAL,SAS-ONLY_NEG-DIFF,DISENGAGED,A_NEG-DIFF,SAS-ONLY_BAL,A_POS-DIFF
399,A_POS-DIFF,A_NEG-DIFF,A_NEG-DIFF,MA_ALL-ACT_BAL,A_POS-DIFF,A_NEG-DIFF,MA_ALL-ACT_BAL,A_NEG-DIFF,MA_ALL-ACT_BAL,SAS-ONLY_BAL,SAS-ONLY_BAL,SAS-ONLY_BAL
401,A_POS-DIFF,HA_NEG-DIFF_MC,SAS-MOSTLY_NEG-DIFF,MA_ALL-ACT_BAL,A_POS-DIFF,A_NEG-DIFF,SAS-MOSTLY_NEG-DIFF,SAS-ONLY_NEG-DIFF,NA,SAS-ONLY_NEG-DIFF,SAS-ONLY_NEG-DIFF,SAS-ONLY_BAL
403,DISENGAGED,NA,A_NEG-DIFF,SAS-ONLY_NEG-DIFF,A_POS-DIFF,A_NEG-DIFF,SAS-ONLY_NEG-DIFF,SAS-ONLY_NEG-DIFF,SAS-ONLY_NEG-DIFF,SAS-ONLY_NEG-DIFF,SAS-ONLY_NEG-DIFF,HA_BAL
406,NA,SAS-MOSTLY_NEG-DIFF,SAS-ONLY_NEG-DIFF,SAS-ONLY_NEG-DIFF,A_POS-DIFF,SAS-ONLY_NEG-DIFF,SAS-ONLY_BAL,SAS-ONLY_NEG-DIFF,DISENGAGED,SAS-ONLY_NEG-DIFF,SAS-ONLY_NEG-DIFF,A_POS-DIFF
407,NA,A_NEG-DIFF,HA_BAL_MC,MA_ALL-ACT_BAL,HA_BAL_MC,SAS-ONLY_BAL,MA_ALL-ACT_BAL,HA_NEG-DIFF_MC,MA_ALL-ACT_BAL,A_NEG-DIFF,MA_ALL-ACT_BAL,A_POS-DIFF
409,NA,SAS-ONLY_NEG-DIFF,A_NEG-DIFF,SAS-ONLY_NEG-DIFF,HA_BAL_MC,A_NEG-DIFF,SAS-MOSTLY_NEG-DIFF,SAS-ONLY_NEG-DIFF,SAS-ONLY_NEG-DIFF,SAS-ONLY_NEG-DIFF,SAS-ONLY_NEG-DIFF,A_POS-DIFF
410,NA,A_NEG-DIFF,HA_BAL_MC,MA_ALL-ACT_BAL,A_POS-DIFF,MA_MANY-ACT_BAL_MC,MA_ALL-ACT_BAL,A_NEG-DIFF,MA_ALL-ACT_BAL,A_NEG-DIFF,MA_ALL-ACT_BAL,HA_BAL
